file_name,caption_predicted
Santa Motor.wav,a machine is running and then stops and then starts again
Radio Garble.wav,a man is speaking over a radio with a lot of static
Radio Fuzz for Old Radio Broadcast FF233.wav,a machine is running at a constant rate and then it stops
toy rattle 2.wav,a person is opening a bottle and then opening a lid
Blade Big.wav,a glass is dropped and then a glass is thrown
young artists.wav,a crowd of people are talking in a room
Various gasps.wav,a man is coughing and sneezing several times
Bear Last Audio.wav,a man is coughing and snoring loudly and then snoring
Sound of the wind comes from the tunnel 3.wav,a machine is running at a constant rate and then it stops
BottleDrinking02.wav,a person is opening a container and pouring a drink
Santas workshop.wav,a person is playing a xylophone while a crowd is talking
rumple_paper.wav,a man is speaking as a person is walking through the woods
Ocean and Fog Horn.wav,a wind blowing wind blowing a boat horn and a wind blowing horn
winter-sticks-swish.wav,a person is walking through the woods and then they stop
Power station interior ATM.wav,a machine is running at a constant rate and then it stops
20130327_valparaiso.traffic.02.wav,a motorcycle engine idles and then a man starts talking
greece_naxos_cicadas_3.wav,crickets are chirping and making noises in the night
nuclear winter.wav,a synthesizer is playing a song with a soft melody
nxSample012.wav,a radio is trying to tune into a station
match-close.wav,a person is opening and closing a drawer
1990 repetition brass-band 01.wav,a person plays a stringed instrument as a crowd cheers
heating_far away.wav,water is running from a faucet into a sink
20061205.washing.machine.wash.wav,a machine is running and a machine is making a clanking sound
Erik Final.wav,a machine is running and then stops and then starts again
PageFlip5.wav,a person is walking through a pile of leaves
20080504.horse.drawn.00.wav,a person is walking on a hard surface while birds are chirping in the background
yorkminsterBaptistChurch StClair.wav,church bells are ringing loudly as a crowd of people are talking
In the City.wav,a horse is walking by a crowd of people
Crows.wav,a bird is making a lot of noises in the background
Busy Coffee Shop Counter Field Recording.wav,people are talking in a crowded area with a few people in the background
20160506_sharpening.02.wav,a person is using a saw to cut through wood
Super Market.wav,a person is walking up a flight of stairs and opening a door
Atlantic Ocean Waves.wav,the wind is blowing and waves are crashing against the shore
ambientphase.wav,a synthesizer is playing a song with a high pitch
Birds_and_Water_Filling_Rain_Barrel.wav,water is running down a drain and into a drain
Galaktisk time signal.wav,a musical tune is being played by a person
bathroom fan.wav,a machine is running at a constant speed and volume
Clatter.wav,a person is walking up a wooden staircase and down a wooden floor
vending machine action.wav,a person is opening a door and closing it
Blackbird 252.wav,a bird is singing and singing a song
Butter knife being Tapped.wav,a person is chopping wood with a knife
Cafeteria Ambience.wav,people are talking in a restaurant while dishes are being stacked
Elizabeth Evans Park - Mount Dora - June.wav,a bird is chirping and a man is talking
Car Driving.wav,a machine is running and then stops and then starts again
OrchardBirds.wav,birds are chirping and singing in the forest
"cleaning window, glass squeak.wav",a person is using a magic marker to make a squeaky sound
coffee.wav,a person is walking through a wooded area
container port 01.wav,a machine is running and a door opens and closes
cookieSheetWiping.wav,a person is walking up a flight of stairs
fs_brokenMixer302-2.wav,a machine is running and then it stops and then starts again
Creacking Oak 6bft  SHORT 130418_00.wav,a machine is running and a bird is chirping
winding finished rope.wav,a person is walking up to a door and opening and closing the door
CreakingNoise.wav,a person is using a drill to drill into a piece of metal
Crowd on Stairs.wav,a person is walking up a wooden staircase and walking down a wooden floor
water_boil_pour_stir-96.wav,a glass is dropped and then a glass is picked up and dropped
MISC_Int_Cat_Purring_002.wav,a cat is purring and meowing loudly and consistently
Dog escapes from the room.wav,a door is opened and closed several times
doing-the-dishes.wav,a person is walking through a kitchen and opening a container of liquid
Remix of 101674__Robinhood76__01906_aluminium_foil_&#39;space-alien radio-static remix&#39;.wav,a machine is running at a constant rate and then it stops
Glass moving 2.wav,a person is walking through a pile of metallic objects
Sink Drain.wav,a person is opening a container and closing it
md1trk11.wav,a machine is running and a metal object is being dragged across another hard surface
PS3F_FOZ_centro_Mufato_fita_embalagem_tarde.wav,a person is walking up to a door and opening and closing a door
fallingbeans.wav,a person is using a drill to drill holes into a metal object
FAN STOP.wav,a machine is running and then stops and then starts again
Fast Motor Running.wav,a machine is running and then stops and then starts again
recycling center 1.wav,a machine is running and a man is talking in the background
Howler monkey and other monkey or bird.wav,a bird is chirping and a duck is quacking
Stairwell with echo Front.wav,a person walks up to a door and opens and closes the door
harmonics.wav,a person is playing a stringed instrument
"Weight machine, gas resistance.wav",a person is using a drill to drill a hole into a metal surface
T156 Activity 2.2.wav,rain is pouring down on a hard surface
industrial_crash02.wav,a machine is running at a constant rate and then it stops
Urban Fountain (San Francisco).wav,rain is pouring down heavily and steadily
"MEN RUNNING, FOREST, BREATHING (1).wav",a man is walking through the woods and crunching crunching
New Lift.wav,a door opens and closes then a door closes and a door opens
nnus_forklift_driveby.wav,a machine is running and then stops and then starts again
Plastic Ruler hit.wav,a person is hammering a metal object against a wall
fdv_orage.wav,rain is falling down while thunder is clapping and thunder is rumbling
01 A pug struggles to breathe 1_14_2008.wav,a cat is snoring loudly and loudly
01 hospital elevator with computer voice.wav,a man is speaking while a machine is running in the background
Sunny Afternoon Suburb Ambiance .wav,a vehicle is driving by and then it passes by
01862 heavy machine working.wav,a machine is running and then it stops and then starts again
0211_170236 walk downstairs.wav,footsteps walk up a wooden staircase and down a hallway
underWater001.wav,a person is splashing in water and then splashes in it
cat_purr_1.wav,a cat meows and meows at a constant rate
shopping-cart-rattle.wav,a dog barks and a machine whines in the background
STE-034 vatican steps.wav,a man is talking while a woman is talking in the background
043015 Splashing water in bathtub.wav,a person is splashing in water and then splashes in it
20110206_bright.winter.morning.wav,birds are chirping and singing in the forest
070821_flsp_bog01.wav,a cricket is chirping and a bird is chattering
Kauai Sunrise.wav,birds are chirping and singing in the forest
stclaude.wav,a doorbell rings and then a door closes and then opens again
The Desert Dome (Entrance).wav,a bird is chirping and a man is talking
WasherSpinCycleWindUp.wav,a machine is running and then it stops and then continues
20110121_stream.MS.wav,water is flowing down a stream and into a drain
Freezing Rain.wav,a fire is crackling and popping as it burns
bowling_basin_2.wav,a person is walking on a hard surface while a machine is running in the background
dragged-glass-object.wav,a person is writing on a piece of paper
20070224.siren.wav,a police car is driving up and down a busy street
Calm down-town morning 02 150722_0706.wav,a bird is chirping and a person is walking
20070402.crowd.wav,a crowd of people are talking in a large hall
gully with flowing water.wav,a machine is running at a constant rate and then it stops
Thunder 03.wav,a wind blows in the background as a bird chirps
20080416.buzz.stereo.wav,a bee is buzzing and birds are chirping
CFX-20130331-UK-DorsetSeaCliff02.wav,a man is speaking as a woman is speaking
20090105.slicing.wav,a person is using a drill to sharpen a piece of metal
20090407.cricket.real.close.wav,a bird is making a high pitched noise
20090712.engine.00.wav,a chainsaw is cutting through a wood and a chainsaw
20090712.engine.01.wav,a person is using a chainsaw to cut through a tree
20091217.18.chains.wav,a glass is dropped and a person is talking in the background
St Pauls Bells 1.wav,a church bell is ringing while a church bell rings in the background
it_has_just_begun.wav,a man is speaking as fireworks are being shot into the air
20100320.fountain.wav,water is flowing into a basin and into a drain
20100410.almunecar.surf.wav,wind is blowing and waves are crashing against the shore
20100422.castril.playground.wav,children are playing and yelling and yelling as a man and woman talk
20100804.idling.van.wav,a machine is running and then it stops and then starts again
2013622thunder.wav,birds are chirping and a gentle wind is blowing
451__mikejedw__bong2_variant#2.wav,a metal object is being hit against a metal surface
humidifier.wav,a liquid is poured into a container that already has liquid in it
a boy and 2 pigs.wav,a baby speaks and a man and woman converse in the background
hiking 1.wav,footsteps crunch on gravel as a person walks through the snow
"Parking Garage - Ambiance, Electrical Hum 1.wav",a machine is running at a constant rate and it is loud
AbdnC_KingStPelican_120225.wav,a vehicle drives by and a man talks to a woman
Reel-to-Reel Tape On Fast Forward.wav,a bell is ringing and then it stops and then starts again
Afternoon Suburb Calm.wav,crickets chirp in the background as a car drives by
back yard ambience loop 11-06-14.wav,a loud wind blows while birds chirp in the background
ambienten.wav,a machine is running at a constant rate and then it stops
ambulance and police edinburgh old city.wav,a police car is driving up and down a busy street
cat hiss yowl.wav,a cat is meowing and meowing loudly and loudly
Westland Petrels land in their colony at dawn.wav,a person is walking through the woods and the wind is blowing
stone_well.wav,a bird is chirping and a metal object is being hit
Arch Leaf.wav,a person is walking through the snow and crunching their crunching
Armoury Site.wav,a vehicle drives by and then a man starts to speak
STE-037 vatican coridor.wav,a man is walking up a hall and talking to a group of people
Atmosphere on road in London.wav,a vehicle drives by and a man starts to speak
Thunder - Guangzhou - China - Quiet.wav,a thunderstorm is brewing and then it begins to thunder
auto-rickshaw-trip.wav,a car engine idles then a car drives by and then a man starts to speak
Prep Rally.wav,a person is playing a song on a piano while people are talking in the background
Backhoe.wav,a machine is running and then stops and then starts again
bag flapping.wav,a machine is running at a constant rate and the noise is getting louder
Balloon Game at Arlington Heights Carnival.wav,a man is talking and then a woman says something
Bangkok City Distant.wav,a machine is running and a crowd is talking
Geyser ambience and turn off.wav,a machine is running and then it stops and then starts again
Basic_Battle.wav,a person plays a song on a harmonica
Rain hitting window.wav,a machine is running at a constant rate and then stops
slam.wav,a person is walking up a flight of stairs
Weinglaser.wav,a bell is being rung at a slow rate
Tractor1 FF654.wav,a machine is running and a vehicle is driving by
robinet.wav,water is running from a tap into a sink
Tube - 1 stop to brixton.wav,a train is coming to a stop and a man is talking
Binding my thesis.wav,a machine is running and a door is opened and closed
FOREST_BIRDS_WOODPECKER.wav,a variety of different kinds of birds are chirping and singing
water splash and flounder about in a puddle.wav,water is poured into a container that already has liquid in it
birds_stereo.wav,birds are chirping and singing in the forest
BlackCappedChickadee.wav,crickets chirp loudly and then a few more
Running Dirt Tennis Shoes.wav,footsteps crunch on gravel as a person walks through the snow
Idle and Rev - Engine.wav,a motorcycle engine revving up and then idling down
Grand Union Canal Kensal Green.wav,birds are chirping and a cricket is chirps
Le Verdon fountain.wav,a man is talking while a fan is blowing in the background
Shaking Gate.wav,a metal object is being dropped into a glass
breast-pump.wav,a person is using a drill to drill a hole in a metal container
BulletJuneEdited192012.wav,a motorcycle engine revving up and driving away
driveaway.wav,a man is walking through a wooded area and then a car drives by
Bus(Drive_Reverse)_1-2.wav,a truck is driving by and then stops and then drives away
Hitting baseball w. wooden bat.wav,a person is tapping a glass against a table
TowerofLondonBeefeater.wav,a man is talking while a woman is speaking in the background
walking-wooden-bridge-fall-leafs-creek.wav,a person walks through the snow and then a man speaks
Canada Geese Squawk on a Pond with a Fountain.wav,a seagull squawking and other birds chirping
car dragging limb.wav,a machine is running at a constant speed and volume
Car Driving Interior.wav,a machine is running and then it stops and then continues
Car Engine Idling.wav,a machine is running and then it stops and then starts again
dishes rattle.wav,a machine is running and a metal object is being thrown around
CAR_WASH.wav,a machine is running and a fan is blowing air
Kowloon Park.wav,birds are chirping and people are talking in the background
gasBubblesNoise.wav,a small stream of water is flowing in the woods
cars over bridge decking.wav,a plane is flying by and then it takes off
Wobbling of paper.wav,a person is walking up a flight of stairs and opening and closing a door
"Cash Machine, Indoors, Full Transaction.wav",a printer is printing out a few sheets of paper
sign hanging on wooden door.wav,a person is opening a door and walking in and closing it
circadas-near-casino.wav,a machine is running at a constant rate and then stops
cats how.wav,a cat meows and meows at a constant rate
chainsaw vs chestnut tree.wav,a chainsaw is cutting through a wood and a chainsaw
Changing Room.wav,a person is opening a door and closing it
Walking shingle beach.wav,a person is walking through the woods on a crunchy surface
Truck starts and stops_edit.wav,a machine is running and then it shuts off
Manipulated Sink Water Sound.wav,a person is using a drill to cut a piece of wood
Creepy old elevator 2.wav,a door is opened and closed several times
Water_Lapping_River.wav,water is flowing down a river and splashing against rocks
Loading old cobbles.wav,a machine is running and a machine is making a noise
Marker on paper.wav,a person is using a pencil to scrape against a surface
Cityscape 05 090617.wav,a machine is running at a constant rate and then it stops
Cityscape Compounded 01.wav,a machine is running at a constant rate and then it stops
CoffeeGrinder_111212.wav,a chainsaw is cutting through a thin sheet
Metal handle on wooden box.wav,a person is using a metal object to scrape against another object
Drop Coin into Glass.wav,a metallic object is dropped onto a surface and dropped on a surface
Train coming in.wav,a train is passing by a train station and the bells are ringing
forklift1.wav,a man is speaking while a siren is blaring and a car alarm beeps
Teig ausrollen.wav,a person is walking up a wooden staircase and then down a wooden floor
food_prep_1_cw.wav,a man is walking through the woods and a cow moos
Water in a canal.wav,a machine is running and a man is talking in the background
cordsAndPaper.wav,a person is walking through a pile of leaves
Cornell Big Cheer.wav,a large crowd of people are chanting and clapping
TIKTOK_1.wav,a clock is ticking and the second it ticks it gets louder
crackling-rain-fire.wav,a person is walking through a pile of leaves
creaking dishwasher_2.wav,a metal object is being dragged across a wooden surface
creeeeek-GAIN_01.wav,a door creaks open and then the door is closed
trenecito_maqueta.wav,a machine is running and a man is speaking
squirrel upset.wav,a bird is chirping loudly and other birds are chirping in the background
crunchy_steps.wav,a person is walking through a pile of leaves
descending noise sweep.wav,a machine is running and then it stops and then continues again
Thunder3.wav,wind blows in the background as a storm is brewing
Deutz-Tractor-Engine-1972.wav,a large engine idles and then revs several times
DIDGERIDOO 05.wav,a person is playing a musical instrument in a room
Diesel Engine Rattle.wav,a machine is running and then stops and starts again
LondonTraffic.wav,a vehicle is driving by and then it drives away
"spring, road.wav",rain is pouring down while a person is walking
DlyFeedback.wav,a radio is playing a very distorted tone
Door.wav,a door is opened and closed and then a door is closed
hort.wav,a person is walking through a pile of coins
train_passing_by_fresco.wav,a train is passing by a busy train station
ShowerAndSoap.wav,a person is washing dishes in the sink and then they turn on the shower
walking down hall MIT mike closer to feet.wav,footsteps are walking up a wooden staircase and up a flight of stairs
water puddle.wav,a person is walking on a hard surface at a consistent pace
Drumming on some trees.wav,a person is walking on a wooden floor and making sounds
Streatham Railway Station and on a Train.wav,a machine is running and a door opens and closes
dutch_train_coming2.wav,a train is passing by a busy train station
interference from wireless mouse on am radio.wav,a radio is playing a station with a high pitch
startupjetengine.wav,a machine is running at a constant speed and intensity
LightRaininPinesMarch302013.wav,a fire crackles as it burns and crackles
Evening Glade.wav,a bird is squawking and a bird is cooing
Evening suburban ambience.wav,a bird is chirping while a car drives by
fallingrice1.wav,a metallic object is dropped onto a surface and dropped on a surface
Pebbles_Scrape_Drag_Foot.wav,a person is walking through the snow and then a person is stepping on the ice
"Fast food soda with ice, sip slurp straw.wav",someone is opening and closing a bottle and then opening and then closing the bottle
tram_prague_2stops_veryfewpeople_AMB_INT.wav,a man is talking while a train is passing by
glass a.wav,a cat is making a continuous noise in the middle of the night
Field-Recording.LawnMower.4.wav,a machine is running and then stops and then starts again
International Harvester Scout II.wav,a machine is running and then stops and then starts again
Thunder burst with rain.wav,rain is falling down while thunder is clapping and thunder is rumbling
foil_expanding_multiple.wav,a person is opening a package of nuts and bolts
FOLEY_Ext_Garbage_Hauling_001.wav,a machine is running and a door is opened and closed
small town.wav,a man is talking while a car drives by
Footsteps on Wet Pavement_1-2.wav,a person is walking through the woods and crunching leaves
Footsteps outside - Including ambience.wav,a person walks through the woods and birds chirp in the background
Footsteps Walking in Forest tractor in background-1.wav,a person is walking through the woods and stepping on leaves
Park 3.wav,birds are chirping and a car is driving by
sw_SolitaryCricket_NR_01.wav,a cricket is chirping and then stops
fountain.wav,rain is falling heavily and steadily on a hard surface
FREEZER_DOOR_OPEN_CLOSE.wav,a man is talking and then a man says something
FrogsBlackHill.wav,a frog is croaking and other frogs are croaking
Grinding sugar.wav,a person is dropping a glass of liquid on a table
Gentle Rain on Concrete.wav,a person is pouring a cup of water into a cup
Lisbon street_2.wav,a bird chirps a man speaks and then a car drives by
RBH_Household_shower 03.wav,water is running from a tap into a sink
Grasshoppers_and_wind1.wav,a person is walking through the woods and the leaves are crunching
Grovers Love 100.wav,a person is playing a video game and playing it
wawawawawwawawawwaterrings.wav,a machine is running and making a high pitched noise
outdoors forest footsteps running jogging rustle.wav,a person is walking through crunchy leaves and crunching snow
Sunny afternoon at Wansford on the Nene Valley Railway.wav,a train is passing by a busy train station
junction_night_traffic.wav,a motorcycle engine revving up and driving away
steam train 05.wav,a train is passing by a train station and a train is honking its horn
Heat duct .wav,a machine is running at a constant rate and then it stops
"windy winter day, wind in trees, from distance.wav",the wind is blowing and the rain is falling down
Various_Bells_160516_0222.wav,a bell is being rung every few seconds
Heavy Wind.wav,wind blows in the background as a storm is brewing
hfbird6.wav,a bird is singing and singing a song
Highway_in_the_distance.wav,a plane is flying in the sky and then it is turned off
Himalayan Gong.wav,a person is playing a xylophone in a rhythmic way
wind in the grass small town.wav,a man is speaking while a woman is speaking
Neighborhood  Bird Ambiance 3.wav,birds are singing and singing in the forest
INT London Underground.wav,a machine is running and a train is passing by
sharp smashing ice.wav,a person is walking on a hard surface and a glass is broken
medical car horn EGYPT Alexandria.wav,a siren is blaring and then a car drives away
Rolling Wind - looping.wav,wind is blowing strongly and steadily in the wind
porto_morning_tropical_birds_market_20.wav,a group of birds are chirping and singing
Jesus! Hellbound I go but I&#39;m coming back!.wav,a man is chanting and then he says something
junk_box001.wav,a metal object is dropped onto a table and a glass is dropped
taman negara squelches.wav,a person is walking through the woods and the leaves are crunching
quacking-squirt-bottle.wav,a person is using a tool to cut through a thin sheet of paper
kikkers.wav,crickets chirp loudly and other critters make noises
Kings Cross street sounds.wav,a vehicle drives by and a man and a woman are talking
knock on wood.wav,a person is knocking on a door and it is not opening or closing
Wood Jostling.wav,a person is pouring a glass of liquid into a glass
Papyrusatmo.wav,crickets chirp loudly and a few other critters make noise
sink with lov pressure.wav,a person is pouring a drink into a glass
light rain 1.wav,rain is pouring down while thunder is clapping and a car is driving by
WOOD CHOPPING_ Chopping hard wood with metal Axe (SFX).wav,a person is chopping wood with a stick
street 2.wav,a car drives by and a man and a woman are walking
Pardelas.wav,a bird is squawking and other birds are chirping
Tires car without an engine.wav,rain is pouring down on a hard surface
md1trk22.wav,a metal object is being hit against a metal object
POLLA AIGUA 0.16.wav,a door is opened and then closed while a bird is chirping
md1trk33-34.wav,a door is creaking as it is opened and closed
Metallic Lingo.wav,a glass is dropped and then dropped on a table
Tapping two metal objects .wav,a metal object is being hit against a metal surface
"Motor - Water Pump, Small Fountain.wav",a machine is running and then it stops and then starts again
Sewer outflow to the Baltic sea.wav,a large vehicle is driving by on a wet and windy day
Ocean Waves 1.wav,the wind is blowing very strongly and steadily
Stream Honiton.wav,birds are chirping and singing while a car drives by
open and close pen.wav,a person is using a sharpening to sharpen a knife
pouring water (dif speeds).wav,water is poured into a container and then poured into another container
Oystercatchers and Chic.wav,a bird is chirping and a child is speaking
RainGutter.wav,a person is walking through a wooded area and opening a door
Snow effects.wav,a person is walking through the snow and blowing their nose
Walking on crunchy snow.wav,a person is walking through the snow and crunching on the ice
Pencil 1.wav,a person is opening a package and then closing it
Pensol - le Moulin cours d&#39;eau.wav,water is flowing down a stream and into a pond
smallgrocery.wav,people are talking in the background as a machine is running
Playing organ with an open window.wav,a person plays a song on a piano while a crowd of people are talking
Pulley Sounds.wav,a person is using a tool to scrape against a surface
Ronda - Fountain near the Town Hall (general) - Fuente cerca del Ayuntamiento (general).wav,rain is pouring down on a hard surface
Red Beach at night - RJ.wav,a man is talking and then a plane flies by
Rain_under_tree.wav,a bird is chirping and a rain is falling on a hard surface
River Alde marsh.wav,birds are chirping and singing in the distance
Rocks - hits.wav,a person is walking up a flight of stairs
Roosters and dogs wake up in the small village of La Preciosita.  A morning in Mexican countryside.wav,a chicken is clucking while a duck is quacking
rummage in metal box.wav,a person is walking through a pile of plastic
Scops owl&#39;s call in night silence.wav,a bird is singing and whistling a song
small dog leaves.wav,a person is walking through the woods and crunching crunchy leaves
Snow crunch.wav,a person is walking through the snow and crunching it
VA State Fair # 10 (Quieter Crowd Noise).wav,a man is talking while a woman is speaking in the background
"Two Diesel Locomotives Pass Slowly, L to R.wav",a train is passing by a busy train station
Tortured Apple 03.wav,a person is walking through crunchy crunchy leaves
STE-011 broadway bridge traffic.wav,a car drives by and then a large vehicle drives by
water_flows_through_crack_in_rocks.wav,water is flowing down a stream and into a basin
Wind_Whistling_Dorm_Window.wav,a door is opened and closed repeatedly by a person
soft harsh noize.wav,a very loud and powerful wind blows in the background
SonicSnap_GPSUK_sewing machine.wav,a person is using a drill to cut a piece of wood
TRAN_Plane_PropSpin_01.wav,a helicopter is flying in the sky and getting closer and closer
Wet_Soggy_Squishy_Footsteps.wav,a person is walking through the woods and crunching leaves
village bar.wav,people are talking in a restaurant and a glass is being dropped
Train passing by and horning in Romania (Bacau). Close recording.wav,a train is passing by and a horn is blown
Street_Car.wav,a train is passing by a busy train station
Toilet Shuffling.wav,water is running from a faucet into a sink
toymotor.wav,a frog is croaking and it is not a normal frog
Village road.wav,a bird is chirping while a car drives by
windroar_constant_1m12s.wav,a machine is running and the wind is blowing strongly
Flipping Pages.wav,a person is flipping through the pages of a book
"Footsteps, Dry Leaves, G.wav",a person is walking through the woods on a crunchy surface
box of valves.wav,a person is walking through a pile of coins
walking 2.wav,a person is walking through the snow and crunching their crunching
Car_Suspension_Creak.wav,a door is opened and then closed with a creaking noise
Atmo Busbahnhof (besser).wav,a vehicle is driving by and then a man starts to cough
20140809_cruzul.river.wav,water is flowing down a waterfall and into a basin
20101026Cows.wav,a large group of cows are making a lot of noise
20070918.galloping.horse.wav,a horse is walking by and a horse is trotting by
Tools Ratchet.wav,a person is using a drill to cut a piece of wood
20090827.pony.wav,a person is walking through crunchy snow
Tallarol capnegre.wav,a cricket chirps and a few other birds chirp
DH14_CrowTram2b.wav,a bird is chirping and a car is driving by
west ham bubbles.wav,a large group of people are chanting and whistling
invexdpo.wav,a low mechanical hum resonates in the background as time goes on
rain_medium_thunders.wav,rain is pouring down while thunder is clapping and thunder is rumbling
amplitude rich.wav,a radio is playing with a lot of static
Family Reunion Side A Original.wav,a man is speaking while a child is speaking in the background
dog-drinks-pauses-drinks-pauses-drinks.wav,a person is walking through a pool of water
Unseathing &amp; Wobble.wav,a man is speaking and then a glass is being tapped
Lassen.wav,a machine is running and then it stops and then starts again
ToyEngineIrregular.wav,a machine is running and then stops and then starts again
"Driving, traffic, construction.wav",a car drives by and a person is walking
Voice 036.wav,a bird is making a loud noise and squeaking
growing pipe(s)-2.wav,a machine is running and then it stops and then starts again
Digging4.wav,a person is walking on a hard surface and a bird is chirping in the background
High Pruner.wav,a person is walking through the woods and the leaves are crunching
small crowd outdoors.wav,a crowd of people are talking and laughing
The dishwasher.wav,a machine is running and a machine is making a loud noise
Swifts.wav,birds are chirping and singing in the woods
_Stream 2 at Krka falls.wav,water is flowing down a waterfall and into a drain
snowy_footsteps-15degrees-2(gain).wav,a man is speaking as a woman speaks softly
02-Bakken_Rollercoaster.wav,a child speaks and a car honks and drives away
Enduro Motocross - (Kouri Forest - Salonika) 16_03 11.05.wav,a motorcycle engine revving up and driving away
20061215.early.morning.wav,a bird is chirping while a cricket is chattering in the background
09-07-13_1900_Bells of Torre dos Clerigos (short).wav,a bell is ringing and a person is speaking while a church bell is chiming
SFX metal banging.wav,a person is repeatedly striking a metal object against a wall
Clinking Glasses.wav,a glass is being tapped by a person on a glass
14.12.2011.001.wav,a train is passing by and a horse is barking
Railroad Crossing Japan.wav,a train is passing by a train station and a train horn
20091225.rain.01.wav,rain is falling heavily and steadily on a metal roof
161006_0075 creaking floor -nr.wav,a person is walking up a wooden staircase and opening and closing a door
"background of the side streets of Rhodes, scooter, tourists French and American, grinder.wav",a machine is running and a bird is chirping
Footsteps_Sneakers_Wet Sidewalk-01.R.wav,footsteps crunch on gravel as a person walks by
walk up carpet steps.wav,footsteps walk up a wooden staircase and up a flight of stairs
BangingOilTank.wav,a metal object is being hit against a metal surface
RYTH_door.wav,a man is talking while a door opens and closes
20081102kijjaz-MediumRecordCracklesSynthesis-01.wav,a machine is running at a constant rate and then it stops
restaurant wood floor.wav,people are talking in a restaurant while dishes are being stacked
inside a japanese bus.wav,a machine is running and then it stops and then starts again
20091217.17.fountain.wav,water is flowing down a gutter and into a drain
Rio Cadi.wav,water is flowing down a waterfall and into a drain
20100801.wharf.silence.night.wav,a dog is barking and a dog is barks
Swim Meet.wav,rain is pouring down on a hard surface
pushkarfeelings.wav,a man is chanting and singing a chant and then a man says something
Chicharra1.wav,crickets chirp loudly and then a few more
Wall Clock Ticking.wav,a clock is ticking and it is ticking very fast
20150330_02.soft.wind.day.MS.wav,a loud rainstorm is coming from a nearby waterfall
detr01.wav,a musical tone is playing with a higher pitch
A Growing Thunderstorm.wav,a machine is running at a constant rate and then it stops
adw018raw.wav,a bell is ringing and a person is speaking
affected_population.wav,a man is speaking while a crowd of people are talking
easter morning birdsong.wav,birds are chirping and singing in the forest
STE-041.wav,a wind blows at a steady pace and intensity
"Ambiance, Carnival.wav",a crowd of people are talking and walking
Ambience - Generator.wav,a machine is running and then stops and starts again
"Ambience - St Kilda Beach - waves lapping rocks, people nearby, seagulls.wav",a bird is chirping and a car is driving by
ambientDanger.wav,a synthesizer is playing a song with a higher pitch
Waiting for the start and applause.wav,a group of people are clapping and chanting
arribaBanderas.wav,a group of people are chanting and whistling
Printing Press 4.wav,a machine is running and a machine is making a clanking sound
texture paper.wav,a person is using a spray to clean their face
wheaten field.wav,a man is walking through the woods and the leaves are crunching
Owls.wav,a bird is chirping and a second bird is whistling
Crickets indoors.wav,a cricket is chirping and then stops
Forbidden Purr02.wav,a low mechanical hum resonates in the background as time goes on
two noise generators 02.wav,a machine is running and then stops and then starts again
bangalore_zug_steht.wav,a machine is running and a loud clanking occurs
big pit winder.wav,a bird is making a noise with its wings
bridge.wav,a car drives by and birds chirp in the background
SamyeLing_Pheasant121102.wav,a bird is chirping and a man is speaking
Blade sharpening.wav,a person is using a sharpening to sharpen a knife
LogsOnLogs.wav,a person is walking on a hard surface
TRAIN 1B.wav,a train is passing by a train station and a train horn
Bobcat moving pallets etc Part 2 080320.wav,a machine is running and a machine is making a loud noise
lakefountain.wav,a bird is chirping and a water stream is flowing in the background
Brushing teeth.wav,a person is using a spray bottle to fill a container
Brushing_Teeth_Bathroom_Fx.wav,a person is using a toothbrush to brush their teeth
bus_leaves.wav,a large truck is driving by and then it drives away
water_stream_001.wav,water is flowing down a drain and into a drain
el sonido del arbol y la tierra yerlin .wav,a man is speaking while children are playing and talking
C Minor Chords Musical Soundscape.wav,a musical instrument plays a melody in a symphony
Chopping pieces of mushrooms vigorously.wav,a person is chopping wood with a knife and cutting with a mallet
Kitchen Chair Pulled on Linoleum Floor_1-2.wav,a person is dragging a heavy object across a wooden floor
charchoal drawing on paper.wav,a radio is on and it is playing a lot of static
howling_wind.wav,a person is snoring loudly and repeatedly but then they stop
radiater-machine air and hum.wav,a machine is running at a constant rate and intensity
t34t trafik[1].wav,a car horn is blown a car horn blasts and a man talks
Toilet Flushaf.wav,water is running from a faucet into a sink
House_kettle boil_whistle.wav,a tea kettle whistles and then whistles loudly as it is lit
mechanical.wav,a machine is running and a metal object is being hit
whiteNoise.wav,a machine is running at a constant rate and intensity
somethingatthedoor.wav,a metal object is being thrown against a container
Ominous Ambience.wav,a machine is running and then it stops and then starts again
Galactic signal 3.wav,a radio is playing a station with a high pitch
uguisbari.wav,a person is walking up a wooden staircase and the door opens and closes
trains_on_bridge.wav,a train is passing by a busy street with people talking
keurig-coffe-maker.wav,a machine is running and then stops and then starts again
greece_naxos_cicadas_2.wav,crickets chirp loudly and then they die down
freight train close by wooded park.wav,a train is passing by and a horn is blowing
metal workshop quiet.wav,a person is walking up a flight of stairs
Duckpond.wav,a duck is quacking while other birds are chirping in the background
F1.BR.07.InBox.SeveralCars.3.wav,a motorcycle engine revving up and driving away
sand falling on paper.wav,a person is walking through a pile of leaves
Unknown morning sound from foliage-BELZ-Caye Caulker-20091211-LFE-007.wav,a bird is chirping and a bird is calling
flock of geese flying over2.wav,a large flock of geese are making a call
Foley bullet hit metal pipe.wav,a metal object is being struck against a metal surface
Wood Steps.wav,a person is walking up stairs and then up the stairs
Stepping in puddles w ambient rain.wav,water is flowing down a stream and into a drain
Footsteps Concrete Scuffs Soft Shoe.wav,a person is walking on a hard surface and then a door is opened and closed
Machine 2 multi Stage.wav,a machine is running at a constant rate and then it stops
Forest river.wav,a shower is running and the water is dripping down the drain
Garden chimes.wav,a person is playing a xylophone while the wind blows in the background
Heavy Wind on Microphone.wav,wind blows as a car drives by in the wind
miniature goats and sheep.wav,a baby is crying and a man is speaking
spring rain in the woods.wav,a bird is chirping and a light rain is falling
scissors_cut_paper.wav,a person is writing on a piece of paper
water_vipS.wav,a machine is running and then it stops and then starts again
Small Junk Dropped.wav,a person is walking through a pile of metal
london-st-james-park-feeding-the-birds.wav,a large group of ducks are quacking and chirping
threejackhammers.wav,a machine is running and a man is talking
Lekkers Ambience.wav,a crowd of people are talking in a busy area
Rain Outside window from the indoor version.wav,rain is pouring down on a hard surface
Marketing Car Churros.wav,a man is speaking over a radio with a woman speaking in the background
WavesOnTheShore.wav,water is flowing down a stream and into a pool
metal rain.wav,a musical tune is playing with a slight echo
two way traffic five lane road.wav,a large vehicle driving by on a wet road
nxSample008.wav,a train is coming to a stop and a man is talking
UrbanHerringGulls.wav,a variety of different kinds of birds are chirping
soda in ice.wav,a liquid is poured into a container that already has liquid in it
Rain hitting leafs.wav,a person is walking through the woods and the wind is blowing
Street Market 2.wav,a crowd of people are talking in a large hall
Water machine.wav,a person is using a spray bottle to spray something
footsteps_2.wav,footsteps are walking up a wooden staircase and up a staircase
Spring Lambs at Middle Hulme Farm Near Meerbrook.wav,a duck is quacking while a rain is falling on a hard surface
Underwater Noise restless 01 140704_0285.wav,a person is swimming in a pool of water
Squeaky car door.wav,a door is creaking as it is opened and closed
02668 stripwood noises.wav,a person is opening and closing a door and walking around
Knife Hitting Wine Glass.wav,a glass is being tapped by someone on a glass
Small plane.wav,a machine is running at a constant speed and intensity
Fliping pages in a book.wav,a person is writing on a piece of paper
German Post Office Scene.wav,a person is walking up a flight of stairs and into a room
20080320.farm.ambiance.2.wav,a variety of birds are chirping and singing
singing bell hit 2.wav,a bell is ringing and it is getting louder and louder
End of rain 090707.wav,rain is pouring down on a roof and onto a hard surface
Bees Collingwood.wav,a bee is buzzing and then it begins to buzz
Metal_Workshop_2.wav,a machine is running and a door is opened and closed
Spirited Away.wav,a loud high pitched whistle is blowing
ankara_Modlitwy3.wav,a man is singing a song with a chorus
Glass Bottles rattle and chink.wav,a glass is dropped and then dropped on a table
fireworks1.wav,fireworks are being lit and lit in a consistent fashion
at the westcoast.wav,a loud wind blows in the background as a seagull caws
BR Standard Class 4 2-6-4T Steam Engine Departing - Irwell Vale Halt ~SE1 XY stereo pair.wav,a train is passing by a train station and the whistle blows
RKeaton_EMF366_12_Tearing Thick Paper.wav,a person is writing on a piece of paper
ShortCarRain.wav,a machine is running and then it stops and then starts again
Eerie Shimmer.wav,a large number of bells are ringing loudly and consistently
Marcher_feuilles.wav,a person is walking through the woods on a clear day
01 barreau bunker original.wav,a metal object is being struck against a surface
Donner2.wav,a thunderstorm is happening while rain is falling
MorningOwlsAug29th2015.wav,crickets chirp loudly and then a few more
Shower Running 01.wav,water is running from a tap into a sink
moving flipcharts after the meeting.wav,a person is walking up a flight of stairs and into a room
Lexington Ave Express.wav,a train is moving down the tracks and people are talking in the background
05769 carpenter&#39;s workshop ambience.wav,a machine is running and then stops and then starts again
06 - 333 con tren hotel saliendo de la estacion de Zamora hacia Galicia.wav,a train is passing by a train station with its bells ringing
07 ambient bell.wav,a bird chirps while a church bell is ringing
Air raid siren_rising.wav,a bird is chirping loudly and loudly
105bpm.wav,a musical tune is playing with a light melody in the background
1122thrum.wav,a machine is running and a fan is blowing
Outdoors rumble.wav,wind blows in the background as a machine runs
17-Year Cicada Mating Call.wav,a bird is making a high pitched noise
mall_1_escalator_0725_113354.wav,a man is walking through a busy city area with people talking in the background
Dribbling water.wav,water is pouring into a container that already has liquid in it
Bush bird noises.wav,a variety of different kinds of birds are chirping
urinating on a wall.wav,water is pouring into a basin from a faucet
Steam 20.wav,a door is opened and closed repeatedly and then the door is closed
Shed Floor.wav,a person is walking through a pile of wood
enoesque-Thunder and Rain 1.wav,rain is pouring down while thunder is clapping and thunder is rumbling
microondas.wav,a fan is running and then it stops and then starts again
sparrows.wav,a variety of birds are chirping and singing
sawing asphalt.wav,a machine is running and a man is speaking
CarEntireInternal01.wav,a machine is running and then it stops and then continues
San Francisco Traffic at Powell And O&#39;Farrell.wav,a man is talking while a car drives by and a man starts whistling
Nord_Odal_Nyhus_04_juni_2011_quiet_forest_birds_insects_leaf_rustle_02.wav,a bird is chirping and a car is driving by
spring morning birds oiseaux reveil printemps #1.wav,birds are chirping and singing in the woods
scie.wav,a person is using a saw to saw through a piece of wood
Atmo Wartehalle2.wav,a crowd of people are talking in a large room
Spring Birds Raw (New Jersey).wav,birds are chirping and singing in the forest
"Wide Stereo Outdoor Ambience - Birds, distant cars.wav",birds are chirping and singing in the background as a car drives by
20110804_river.distant.19.wav,water is flowing down a stream and into a pond
WasherSpinCycleWindDown4BeepEndSignal.wav,a machine is running and then it stops and then continues
20130406_tourists.06.wav,children are playing and talking to each other
20160124_Pencil-on-Paper.wav,a person is writing on a piece of paper
larger_waterfall.wav,a shower is running and the water is dripping into a tub
Train and dog.wav,a dog barks and a car drives by
Money in the bag.wav,a man is speaking while a woman is speaking in the background
More waves at Collingwood.wav,the wind is blowing strongly and hard and then it gets louder
opening attic.wav,a person is opening and closing a door and walking around
QuietForestSpringEvening.wav,birds are chirping and singing in the forest
Ahr river.wav,water is flowing down a stream and into a drain
clinking_tiles_01.wav,a person is walking through a room full of people
Metro - Greece.wav,a man is speaking over a loud speaker in a large room
airplane01.wav,a plane is flying in the sky and then it comes to a stop
airport general.wav,a woman is speaking over a loud speaker
AmbientAtmosphere.wav,a man is talking while a crowd of people are talking
Ambulance Siren.wav,a police car is driving up and down the street
Hail 1.wav,rain is falling on a metal roof and on a hard surface
Ronda - The Old Shrine - La antigua Ermita.wav,birds are chirping and singing in the background as a man speaks
Forest with Birds and Wind in the Trees.wav,birds are chirping and singing in the forest
shoreline_waves_seagulls.wav,wind blows as waves crash by and birds chirp
Car vs. Freight Train.wav,a train is passing by and a car horn is blowing
road01.wav,a vehicle drives by and then a man and a woman speak
Forest9.wav,a person is walking through the woods and the leaves are crunching
Baking dish picked up put down.wav,a metal object is being hit against a surface
Glass jar on board.wav,a glass is dropped and then dropped on a table
Pencil Writing.wav,a person is writing on a piece of paper
Diving Bell 1.wav,a loud ringing sound is being played by a person
barbacoa_electrica1.wav,a fire is crackling and popping as it burns
carnival_parade_cologne_1.wav,a crowd of people are talking and cheering in a large hall
Bathtub_with_Foam.wav,water is poured into a container and then turned off
FlushToilet.wav,a toilet flushes and water runs into a sink
momoscas 1.wav,a cricket is chirping and then a second later a second cricket is in the background
Long Fuzz.wav,a person is walking through a forest with a machine making a noise
Coins Moving in Jar.wav,a person is shaking a bottle of pills in a glass
big-machine-fan.wav,a machine is running at a constant rate and then it stops
passenger train bells.wav,a train is passing by and a horn is blowing
birmingham-aston-canal-extractor-fan-background.wav,a machine is running at a constant rate and then it stops
outdoors street ambient noisy traffic.wav,a large vehicle is driving by and then it slows down
next spring day in the polish forest - rear.wav,a person is walking through the woods and the leaves are crunching
Wooden Floor Body Slams.wav,a person is walking up a flight of stairs and then they are walking away
elevator sequence ambience door opens closes descends door opens.wav,a door opens and closes and a door closes and then a door opens
EarlyMorningRain.wav,rain is pouring down and water is dripping into a basin
Broom_Bear_Street_Sweeper_Roadwork.wav,a machine is running and then stops and then starts again
RoomTone.wav,a machine is running and then it stops and then continues again
traffic w scott.wav,a man is walking on a wet road and a car passes by
WaterBottle.wav,a person is walking through a wooded area
Bubbles water.wav,a liquid is poured into a container that already has liquid in it
Water drops.wav,water is dripping into a basin from a faucet
butter_hot_egg_pan.wav,water is running from a faucet into a sink
DoorSqueak.wav,a door is being opened and closed by a person
button_drop.wav,a person is walking on a wooden floor and then a person starts walking on the floor
Footsteps_Leaves_Walking.wav,a person is walking through the woods and crunching leaves
SeaShell_02.wav,a person is walking through crunchy crunchy snow
Subway-Moscow-013.wav,a machine is running at a constant rate and then it stops
Int. Car Drive 2.wav,a person is walking up to a door and opening and closing the door
Ext-amb_park_late-fall_distant-gun-shot_Distant-Child-shouting.wav,wind blows in the background as a plane flies by
Heavy rain and thunder in Oklahoma.wav,rain is pouring down while thunder is clapping in the background
thaitrain.wav,a train is moving down the tracks and people are talking in the background
"Cruiseship - outside, night.wav",a machine is running at a constant rate and then it stops
stereo ambient indoors living room heavy traffic outside.wav,a machine is running and a car is driving by
RNC - St. Paul - 2008-09-02 (normalized).wav,a crowd of people are chanting and cheering
Juicer Shredding and Shutting Down.wav,a machine is running and then stops and then starts again
Saas-Fee Hannig Field 03 100710.wav,wind blows in the background as a bird chirps
Rain_Falling_On_Umbrella.wav,a machine is running at a constant rate and then it stops
sparvagn-edit.wav,a machine is running and a car is driving by
Shower Driping Fast to Slow.wav,a metal object is being hit against a metal surface
Crunchy walk on pebbles.wav,a person is walking through the woods on a wet day
Crowd Atmos.wav,a crowd of people are talking and laughing
SpringPeepersMarch2012.wav,crickets chirp loudly and other critters make noises
Crinklng and opening packet of potato chips.wav,a person is crunching and crunching through a bag of nuts
Crowd at a British wedding reception venue.wav,a crowd of people are talking in a restaurant
Under water sounds while scuba diving.wav,a person is using a spray bottle to make a splash
Rain recording.wav,rain is pouring down and hitting the roof
Diesel Truck Idling Front.wav,a machine is running at a constant rate and then it stops
luffy_earth5.wav,a machine is running and a fan is blowing
dissolvingEffervescentTablet.wav,a liquid is poured into a glass and then poured into another glass
Urban Snow Melt.wav,water is running from a tap into a sink
water dripping 2.wav,a liquid is poured into a glass and then poured into another glass
Drawer_handle_clap_OWI.wav,a person is tapping a glass against a table
Footsteps on snow.wav,a person is walking through crunchy snow
paper falling and crunching_1-2.wav,a person is walking through a pile of leaves
STE-018_lisbonbirds.wav,a bird is chirping and a man is talking
File clicking open.wav,a person is walking up a wooden staircase and opening a door
Metallic  Gate.wav,a metal object is being hit against a metal object
foley footsteps - raw.wav,a man is speaking and then a man says something
"traffic medium throaty cars trucks mopeds Havana, Cuba 2008.wav",a man is talking while a car drives by
light suburban ambiance.wav,a bird is chirping and a car is driving by
Walking on gravel.wav,a person walks through the woods and the leaves crunch under their feet
TOILET FLUSH 2.wav,a toilet flushes and water runs out of a drain before it is turned off
Int. Car Drive 1.wav,wind blowing in the background as a storm is brewing
nxSample002.wav,a machine is running and then stops and then starts again
"Outdoors, Cars pass by.wav",a vehicle passes by and then a motorcycle passes by
medium clap.wav,a group of people are chanting and cheering
Paper Blowing.wav,a door is opened and closed several times
Train stop.wav,a machine is running and then stops and then starts again
Metal_Gate_squeak_mono.wav,a metal object is being dragged across a surface
Jet over Rosemont Horizon Parking Lot.wav,a plane is flying in the sky and then it passes by
living room tone  ambient distant noises neighbours.wav,a person is walking in the rain and the wind blows
Riverdream Water HGain.wav,rain is pouring down on a hard surface
lama2.wav,a large machine is running and making a high pitched sound
sharpie.wav,a person is writing on a piece of paper
MOTOR_BOTE_OMAN.wav,a machine is running at a constant rate and then it stops
night ambient crickets bugs white noise.wav,crickets chirp loudly and then a few more
releasing_water_into_sink_and_draining.wav,water is running from a faucet into a sink
Rain A. Sample Bank 2. 14-4-2010.wav,a bird is chirping and a wind is blowing in the background
"Rain on awning, canopy.wav",rain is pouring down while thunder is clapping in the background
rhythm of the falling drops.wav,a man is talking and then he turns to the other man and says something
07 storm - orage.wav,rain is falling down while thunder is clapping in the background
Remix of 101980__pyr0x__growl_variants.wav,a person is snoring loudly and repeatedly but then they stop snoring
Pasir Panjang Calm Ocean.wav,wind blows as a person walks through the snow
20070824.supper.wav,a man is talking while a glass is being opened and then closed
20080505_1309unlock_doors.wav,a person is walking up to a door and opening and closing the door
Blackbird tweet with waterfall background.wav,a bird is chirping and singing in the background
Tenerife_bazaar_2.wav,a crowd of people are talking and laughing
Chopping Celery.wav,a person is using a tool to scrape against a surface
creaking train.wav,a machine is running and a train is passing by
Cruiseship - passenger library.wav,a machine is running at a constant rate and then it stops
Elevator sounds.wav,a machine is running and then someone opens a door and closes the door
Rain on Window.wav,a machine is running and a machine is making a clanking sound
08-Garage Opening-consolidated.wav,a machine is running and then stops and then starts again
bands_and_motorbike.wav,a car engine idles then a man starts to speak
forest_ambiance_chepachet_spring_night_2.wav,crickets chirp loudly and then a few more
stream + ocean.wav,rain is pouring down and the rain is hitting the roof
Harvard Square.wav,a crowd of people are talking and singing
Grinder.wav,a bell is ringing and then it stops and then starts again
Night drive.wav,a machine is running at a constant rate and then it stops
small_water_fall_in_the_woods_2.wav,water is flowing down a stream and into a drain
Terminal2.wav,a person walks up to a door and opens the door
trumpet.wav,a person plays a trumpet as a crowd of people are talking
2 08 Br Lib 2 amb kids.wav,a man is walking up a hall and talking to a group of people
construction_rubber_mallet_01.wav,a door is being opened and closed repeatedly
birds_long.wav,birds are chirping and singing in the forest
20070318.forest.00.wav,birds are chirping and singing in the background as a light breeze blows
"traffic medium throaty downtown and people from balcony Havana, Cuba 2008.wav",a large vehicle is driving by and people are talking in the background
20080226.serins.rbd.02.wav,birds are chirping and singing in the woods
OrchestraTuning1.wav,a person plays a song on a piano and then a person plays another song on the piano
Barn_Door_Wind_001.wav,a person is walking up a wooden staircase and opening and closing a door
Train passing by in a rail station in Brussels (Schaerbeek).wav,a train is passing by and a horn blows
Popcorn Popping.wav,a metal object is being hit against a surface
Chrysalism.wav,a thunderstorm is brewing and rain is falling
schoolyard.wav,a group of children are playing and yelling
a flag is waving at the pole.wav,a metal object is being hit against a metal surface
Surf and birds.wav,the wind is blowing and the rain is falling down
"a gentle breeze, wind 6.wav",wind blowing in the foreground and a wind blowing in a background
Nature sounds close to garden.wav,crickets chirp in the background as a light breeze blows
Ambience birds.wav,a variety of birds are chirping and singing
Mass MoCA Bathroom Door.wav,a metal object is being dragged across a wooden surface
amradiochanging.wav,a radio is trying to tune into a station
Flipping Coin Can.wav,a person is walking through a pile of leaves
Burco Conveyer Toaster running.wav,a machine is running and a metal object is being dragged across a metal surface
Cooking rice.wav,a machine is running at a constant rate and then it stops
noise interference.wav,a buzzing sound is being made by a machine
Drilling into stone.wav,a chainsaw is cutting through a wood and a chainsaw
peopleTalks1.wav,a crowd of people are talking in a room
Deshaciendo y alisando la bola de papel de aluminio.wav,a person is opening and closing a bag of nuts and bolts
gym machine 2.wav,a machine is running at a constant rate and then stops
Evening Atmosphere #2.wav,a dog barks and a dog barps
People talking while waiting the bus.wav,a crowd of people are talking in a busy area
Rynek Warszaski.wav,children are playing and talking while birds are chirping in the background
snowSteps.wav,a person is walking through the woods on a hardwood surface
Tiergarten birds early morning.wav,birds are chirping and singing in the forest
Marrakech Walking.wav,a man is talking while a woman is talking in the background
viento.wav,a bird is singing and whistling and a person is coughing
BUS RIDE R.wav,a man is talking while a car is driving by
Edit Radio .wav,a radio is playing with a lot of static
Urban Covered Pathway.wav,a person is walking up a flight of stairs and into the air
Fountain .wav,water is flowing down a stream and into a pond
Glass_rubbing_cups.wav,a glass is dropped and then dropped on a table
Leaf Blower.wav,a chainsaw is cutting through a wood and then it stops and starts again
Clock.Windup.Bell.Antique.wav,a bell is ringing and then a second bell is being rung
my kitchen sink talks to me.wav,water is dripping into a basin and into a drain
crows_outdoors_northern87.wav,a group of people are talking and laughing
DAB RADIO FREAK OUT.wav,a high frequency frequency frequency is being tuned up and adjusted
downpipe rain thunder.wav,rain is pouring down while thunder is clapping in the background
Metal spoon on china plate.wav,a glass is dropped and then dropped on a table
Living Minute - Winter Thaw.wav,rain is pouring down onto a hard surface
shower taking.wav,water is running from a tap into a sink
Stadium Wind.wav,a plane is flying overhead and then it comes to a stop
Walking in Kitchen.wav,a person is walking up a wooden staircase and walking down a wooden floor
Fuente Cotino 2.wav,water is running from a tap into a sink
Glass bottles in and out of a basket.wav,a glass is dropped and then a glass is dumped
Plastic Chips Wrapper.wav,a person is crunching and crunching through a bag of nuts
Kitchen fan.wav,a machine is running at a constant speed and volume
RemoteControl.Antique.Zenith.wav,a person is chopping wood with a knife
Staircase walk 1.wav,a door opens and closes a door closes and a door opens and a man walks in
Turning on Shower 2_1-2.wav,water is running from a tap into a sink
pencil sketch 2.wav,a person is writing on a piece of paper
static obscured voices 570 kHz.wav,a man is speaking while a machine is running in the background
Wood-burning stove.wav,a liquid is poured into a container that already has liquid in it
Street Ambient (Spain) .wav,a crowd of people are talking and walking
French fries in the making.wav,water is running down a drain and into a drain
WALK_outAndBack_snowDay_01.wav,a person is walking through the snow on a hard surface
Large Hiroshima Peace Bell.wav,a bell is ringing and a person is walking
"waiting for passengers at the airport, background.wav",a crowd of people are talking in a large room
Flint being struck.wav,a person is walking on a hard surface and a door is opening and closing
kijjaz - Bangkok Rain and Thunder 01.wav,rain is pouring down while thunder is clapping in the background
WS_20122 [8.3.09] nr drips mono uprocessed.wav,a person is tapping a wooden object against a surface
freight_train_1.wav,a machine is running and a metal object is being thrown around
Fireplace.wav,a fire crackles as it burns in a camp fire
buzzing stinging.wav,a bee buzzing around and birds chirping in the background
Water at Parika Stelling Guyana.wav,a person is swimming in a pool of water
Household - Atmos - Wind Through Window.wav,a machine is running and then it stops and then continues again
20121014_boat_tour_01.wav,a man is talking while a child is talking in the background
thespider.wav,a machine is running and then it stops and then starts again
Building Construction in Amsterdam Oost.wav,a person is walking up a wooden staircase and down a hallway
lackey070329_11_52_am_jackhammer.wav,a person is using a drill to drill a hole in a wood
small_waterfall.wav,water is flowing down a stream and into a drain
street_ambience_day.wav,a crowd of people are talking in a busy area
bologna_street1.wav,a crowd of people are talking and walking
amolador_pan_pipe.wav,a bird is chirping and a car is driving by
LoneCricketInFallBasement.wav,crickets are chirping and then they stop
Sea sound-3.wav,the wind is blowing and the rain is hitting the windshield
SilverStarSearchAndRescue.wav,a machine is running and a man is speaking
Avion.wav,a plane is flying in the sky and then it passes by
"sea on the road, night, Rhodes.wav",the wind is blowing and waves are crashing against the shore
indoors ambient room tone with clock ticking somewhere and occasional traffic and people jabbering.wav,a machine is running and a man is talking in the background
laundry.machine.wav,a machine is running and a machine is making a clanking sound
PassingMotorCycles01.wav,a motorcycle is driving by and then it speeds up and then slows down
Gazpoile_long.wav,a machine is running at a constant rate and then it stops
freight_on_bridge.wav,a train is passing by a train station and the bells are ringing
can.wav,a person is tapping a glass against a table
Waterfalls_00216.wav,a machine is running at a constant rate and then it stops
girl playing violin at subway passage 0601_215735_1 XYmics.wav,a person is playing a stringed instrument while a crowd is talking
squeaky_glass.wav,a person is using a magic marker to make a squeaky sound
interrupt.wav,a person is chopping wood with a stick
water_stream2.wav,water is flowing down a stream and into a drain
Cracking and frying egg.wav,water is running from a faucet into a sink
RadioFan.wav,a man is speaking while a machine is running in the background
Duck_quack_2_Sweden.wav,a duck is quacking while other birds are chirping in the background
E-brake.wav,a door is opened and closed several times
Grand Prix 2.wav,a motorcycle engine revving up and driving away
je_campuswalk.wav,a person is walking through the woods and the wind blows
tap water.wav,water is poured into a container and then turned off
moucho-I.wav,a bird is chirping and singing loudly and consistently
Hunebed D27 Borger.wav,a group of people are talking and walking
20070720.rbd.chicharras.02.wav,a machine is running and a person is talking in the background
Opening and Closing Bolt Door.wav,a door opens and closes and then someone walks in and closes the door
Serving Water Quickly.wav,a person is pouring a drink into a glass
plasglass.wav,a glass is dropped and then dropped on a table
STE-039 trevi fountain at night.wav,a man is talking while the wind blows
Traffic.wav,a vehicle is driving by and then it slows down
train screech.wav,a machine is running and a door opens and closes
greece_melanes_cofee_1.wav,a man is talking while a woman is speaking to him
Blowing on Microphone.wav,a person is breathing heavily and then coughing
20 bottles nt 2_10.wav,a glass is dropped and then a glass is placed on a table
HammerDrill.wav,a liquid is poured into a glass and then poured into another glass
weird rapidbeat.wav,a machine is running and then stops and then starts again
Ford Mustang Engine (1985).wav,a car engine idles then the engine revs then it starts up again
15_Rain_Ocean_HeavierLighter_44_16.wav,rain is pouring down and thunder is clapping in the background
Outside02.wav,a vehicle drives by and a man and a child are talking
20070819.fjord.beach.00.wav,the wind is blowing and waves are crashing against the shore
crickets cicadas frogs.wav,a cricket is chirping and a few other birds are chirps
Garbage Truck.wav,a machine is running and a door is opened and closed
rios_barney_alta_fidelidad_avenida_ciudad_intermedia.wav,a car drives by and a person is walking
City Bus.wav,a machine is running and a man is talking in the background
New Inn.wav,people are talking in the background as dishes are clanking and dishes are being stacked
Acid_lake-Dallol.wav,a machine is running at a constant rate and then it stops
Small watetfall.wav,a shower is running and the water is dripping down the drain
CoffeeShopChatter.wav,a crowd of people are talking and laughing
Microwave Door Open Close .wav,a door is opened and closed several times
little creek in the woods.wav,water is flowing down a stream and into a basin
Blind Man Whistling.wav,a bird is chirping and a train is passing by
bus pass.wav,a machine is running and a car is driving by
Wood Floor.wav,a person is walking up a flight of stairs and then a door opens and closes
Crickets in the night.wav,crickets chirp loudly and a few other critters are making noise
Seashore Atmos LW2.wav,a machine is running and then it stops and then continues
Door handle squeaks.wav,a door is opened and closed several times
FISCHER_ZOE-2016_2017_forest-walk.wav,a person is walking through the woods and then a person whistles a tune
herumwerkeln im Hintergrund_Holzschleifen.wav,a person is walking up a flight of stairs
sea_water_passing_through_pier_hole_01.wav,a boat is being splashed in the water
traffic and footsteps.wav,a car drives by and a motorcycle drives by
Fountain_1.wav,water is flowing down a stream and into a drain
Foley pick up gun on wood 01.wav,a person is opening a container and then closing it
metalic birds.wav,a bird is singing and whistling in a shrill fashion
tin cans wind 1 - 16.1.11.wav,water is dripping into a metal container
drain-water.wav,water is flowing down a stream and into a drain
Shower and walk - front.wav,water is running down a drain and into a drain
201106092013VauxsSwiftsSteigerwaldLakeNWR.wav,birds are chirping and singing in the forest
Hunebed D26 Drouwenerveld.wav,a man is talking while a bird is chirping in the background
Rain Loop with Low-Cut Filter.wav,rain is pouring down on a hard surface
kids.wav,children are playing and talking and a bird is chirping
TrainDistantWhistleWithEchoDecember2015.wav,a train is passing by and a horn blows
Room Tone Inside a Car.wav,a shower is running and the water is dripping
Storm coming.wav,rain is pouring down and thunder is clapping in the background
outdoors ambient windy wind leaves rustle hum.wav,a person is walking through the woods and the leaves are crunching
bunker drip resonance 1.wav,a machine is running and a bird is chirping in the background
WATER DRIPPING ECHO.wav,water is pouring into a container that already has liquid in it
Walking On Dry Leaves Normalised.wav,a person is walking through the woods and crunching crunchy leaves
heavy traffic with ambulance siren.wav,a large vehicle is driving by on a wet road
rain.gutter.wav,rain is pouring down and water is dripping into a basin
alpine bird under the rain.wav,birds are chirping and a car is driving by
HOSTEL WORKS 1.wav,a musical instrument plays a melody with a high pitch
Siren Milan.wav,a police car is driving up and down the street
BirdCallBackyard2016Long.wav,a bird is singing and singing a song in a high pitched tone
birds in dunes sunset NL 150510_06.wav,a variety of different kinds of birds are chirping
Light Wind.wav,a person is walking through the woods and the wind is blowing
Bath 01.wav,water is running from a faucet into a sink
Heel walking 1A.wav,a person is walking up the stairs and clapping their hands
bird-chatter4.wav,birds are singing and singing in the forest
Metra Train.wav,a train is passing by and a horn is blowing
Traffic Ambient.wav,a car drives by and then a man starts to speak
Sink and Water.wav,water is running from a tap into a sink
Train Horn.wav,a train is passing by and a horn blows
creaky boxcars.wav,a machine is running and a machine is making a clanking sound
ELEVATOR CABIN (DOORS OPEN CLOSE).wav,a door opens and closes and then someone opens and shuts the door
Triumph start and idle.wav,a motorcycle engine idles and then revs several times
Street sounds cars.wav,a vehicle drives by and then a man starts to speak
GlassPyrexMeasuringCupMugSlideTableDesk.wav,a person is chopping wood with a knife
Mockingbird singing @ Alfama.wav,a variety of different kinds of birds are chirping
Large Splashes.wav,a person is using a shovel to dig up a pile of rocks
0208 Fountain_Parque_del_Peru.wav,a machine is running and then it stops and then starts again
rain.wav,rain is falling heavily and steadily on a metal roof
The Big Circle.wav,a person is playing a musical instrument while a machine is running in the background
crickets in the woods.wav,crickets chirp loudly and then a small bird caws
glenhaven_stream.wav,water is flowing down a stream and into a basin
Wipers .wav,a person is using a printer to print out a page
dogs_berlin.wav,a dog barks and then barks several times
April_2004_garden_birds01.wav,birds are chirping and singing in the forest
bar crowd.wav,a crowd of people are talking in a crowded area
20090412.bell.strikes.12.wav,a bell is ringing and a person is talking while a bell is being rung
ClinkingGlass.wav,a glass is being tapped by someone on a glass
Gentle Waves Peeling Left To Right 2.wav,waves are crashing against the shore as the wind blows strongly
silent street ambience tone.wav,a machine is running and a man is speaking
creaky.wav,a person walks up to a table and begins to talk
CarFerrySeaDogsPeople.wav,a man is talking while a dog barks
Ubud Crickets.wav,a cricket is chirping and then a man says something
bellaromani.wav,a bell is ringing and a bell is being rung
CourtyardHome.wav,a machine is running and a door opens and closes
cup.wav,a person is writing on a piece of paper
SuburbRain_Indoor.wav,a vehicle is driving by and then it passes by
hostpital-automatic-bed.wav,a door is opened and closed several times
Pouring Into Glass.wav,water is poured into a container and then poured into another container
SYnth_NoisesAX8.wav,a machine is running and then it stops and then starts again
sw_PoultryBarn_cs8049.wav,a crowd of people are talking and laughing
dripping taps.wav,a liquid is poured into a glass and then poured into another glass
night ambient crickets bugs white noise occasional cough.wav,crickets chirping and a person coughing in the background
Regent&#39;s conversation.wav,a man is talking and then a woman says something
Garden ambience.wav,birds are chirping and children are talking and playing
Morning Ride 2.wav,a motorcycle engine idles and then revs several times
27 hn_birdspecking.wav,a person is walking on a hard surface while birds are chirping in the background
belgian_brook.wav,water is flowing down a stream and into a basin
je_PittsPhipps.wav,a crowd of people are talking in a large hall
Footsteps on Rocky Terrain.wav,a person is walking through crunchy crunchy leaves
Hang Man&#39;s Rope.wav,a person is using a drill to drill into a piece of metal
fireworks scare birds 150828_0743.wav,a person is walking on a wooded area
"Residential kitchen roomtone, refrigerator fridge hum.wav",a machine is running at a constant rate and then it stops
Faucet Running.wav,water is running from a tap into a sink
THE_RATT21_1.wav,a car driving by on a wet road
FlyingOnAPlane.wav,a machine is running and a man is speaking
tornado day 1.wav,rain is pouring down while thunder is clapping in the background
Sonido de fondo y trafico.wav,a motorcycle engine idles and then the engine revs and speeds up
birds chirping 03 short.wav,a bird is chirping and singing in the forest
kite_seaside.wav,a bird is singing and a child speaks
watertunnel.wav,water is running down a drain and into a drain
STE-002-dishes_lisbon_restaurant.wav,people are talking in the background as a man speaks
13gotasb.wav,a person is using a machine to make a sound
Page turns and book close_open.wav,a person is writing on a piece of paper
mall  loud voices.wav,a crowd of people are talking and laughing
"Koeien, R4 en riet Lichterveldestraat.wav",a vehicle is driving by and birds are chirping
Glass Dishes.wav,a glass is dropped and then a glass is picked up and dropped
080902_05_cicada_night_road.wav,crickets chirp in the background as a car drives by
110422_village_dusk.wav,a dog barks and a few other animals make a chirping noise
at the edge of the forest.wav,a machine is running and the rain is hitting the ground
crossing the river.wav,a person is walking through the woods and the leaves are crunching
Bounce-MagnetAndNail.wav,a door is being opened and closed by a person
spooky compressor.wav,a machine is running at a constant rate and then it stops
Hiss of a Tilley pressurised paraffin (kerosene) lamp.wav,a machine is running at a constant rate and then it stops
bolivar_stan_playing.wav,a man is walking through the woods and the wind is blowing
Nord_Odal_Nyhus_04_juni_2011_quiet_forest_birds_insects_leaf_rustle_04.wav,birds are chirping and singing in the woods
Backyard Birds-001.wav,birds are chirping and singing in the nature
R05_0345.wav,birds are chirping and a car is driving by
Metal_clang.wav,a bell is being rung at a slow rate
Large Warehouse_Factory Ambience.wav,a machine is running at a constant rate and then it stops
Waves on the bay.wav,water is flowing down a river and into a pool
Rushing_water+wind-Rec_Samsung_HMX-F80_Camcorder.wav,water is flowing down a waterfall and into a pool
Construction 2.wav,a man is speaking while a machine is running in the background
street works_pressure_low rumble.wav,a machine is running and a man is speaking
2013-03-28 rain in the rainforest.wav,rain is pouring down heavily and steadily
Bukit_Dinding_rainforest_jungle_01.wav,a bird is chirping and a cricket is chattering in the background
Plane Over Traffic.wav,a plane is flying by and then it passes by
Ambience in Sugadh (ESI institute) in Gujrat.wav,a bell is rung and a person is blowing a wind chime
RG Railing Ring.wav,a bell is ringing and then it stops and then starts again
Otari Walk.wav,children are playing and talking and a bird is chirping
AMBIENCE- night time crickets insects wild sound (SFX).wav,birds are chirping and a car is driving by
Texas Coastal Freeway.wav,a vehicle passes by and a bird chirps
Backyard nature.wav,a bird is chirping while a car drives by
20091212.motorcycle.wav,a machine is running and then stops and then starts again
Shaking and dragging of jar with stones.wav,a person is opening and closing a drawer multiple times
Budds Landing Maryland Night 1.wav,crickets chirp loudly and steadily in the night
basement-stairs.wav,a person is walking up a flight of stairs
Lluvia 1.wav,rain is pouring down and thunder is clapping in the background
drip rhythm1.wav,water is dripping into a metal basin from a faucet
trains.wav,a machine is running and a vehicle is driving by
Storm Ambience.wav,rain is pouring down while thunder is clapping in the background
Japan_Tokyo_Shinjuku_Street_Promoter_Yelling_City.wav,a man is speaking while a woman is speaking in the background
wood1.wav,a person is opening and closing a door and walking around
metal-bell-percussion.wav,a bell is ringing and it is being struck by a person
Shinkansen-announcement-3.wav,a woman is speaking while a man is speaking in the background
Train Pass Koln.wav,a plane is flying overhead and then it comes to a stop
Outdoor nature sounds.wav,birds are chirping and a plane is flying overhead
walking-gravel.wav,a person is walking through the woods on a wet day
grifo goteando.wav,water is pouring into a container that already has liquid in it
in_cafe_4.wav,people are talking in a restaurant while dishes are being stacked
wooden sliding door.wav,a person is opening and closing a door and then closing the door
Door Creaking 01.wav,a door is being opened and closed by someone
SonicSnap_GPSUK_Cockerel.wav,a bird is chirping while a cricket is chattering in the background
River far 1.wav,water is flowing down a stream and into a pond
CONTACT MIC BOILING WATER 01.wav,a machine is running at a constant rate and then it stops
Birds-sleeves-amb.wav,a person is walking on a gravel and a bird is chirping
life of pipe.wav,a person is playing a xylophone while another person plays a xophone
Cars crossing in Rain.wav,a car drives by and then a man sneezes
julies media.wav,a musical tune is playing with a light music in the background
Walking along Highway.wav,a person is walking on a gravel path and a car passes by
NY subway.wav,a man is talking while a machine is running in the background
KC0895T2.wav,a man is talking while a car honks and a child speaks
Diesel train passing.wav,a machine is running and a bird is chirping
Close Cracking Thunder.wav,a thunderstorm is brewing and then it begins to thunder
Hallway Room Tone with shower in background.wav,a machine is running and then it stops and then continues again
Fergus Whining.wav,a dog barks and a cat meows and a dog barps
Wind moaning through gap in door.wav,a machine is running and then it stops and then continues again
Spanish pinball machine in bar.wav,a man is talking while a crowd of people are talking in the background
boy becomes seagull 20.3.11.wav,a child speaks while birds chirp in the background
Gentle rain outside balcony street noise.wav,a machine is running and then it stops and then continues
"Collingwood bees, bumble bees.wav",a bee is buzzing and birds are chirping
AMB_earlymorning_palmovka.wav,a machine is running and then it stops and then starts again
20110423_heavy.rain.wav,rain is pouring down on a hard surface
woodsbirds.wav,birds are chirping and a car is driving by
Ambience Urban park fountain early evening.wav,a man is talking while a child is speaking in the background
160717 HSN fishing boat passing by.wav,a boat is in the water and is splashing against the water
MicrowaveHum_Stereo_bip.wav,a machine is running and a machine is blowing air
Steam Train Coming Into the Station.wav,a machine is running and then stops and then starts again
country highway ambience1.wav,a vehicle passes by and birds chirp in the background
arriving_montpellier_by_train.wav,a man is speaking while a woman is speaking in the background
20070128.turbine.wav,a machine is running and then stops and starts again
bird.wav,a person walks through the woods while birds chirp in the background
turning pages book slow quickly.wav,a person is walking through a pile of leaves
Boiling a cup of water.wav,a machine is running and then it stops and then continues again
"Creaky wooden steps, down and up.wav",a person is walking up a wooden staircase and down a hallway
Strong wind in trees.wav,the wind is blowing and the rain is coming down hard
SpringWoodsWarblersPlusDistantGeeseMay52013.wav,birds are chirping and singing in the forest
Japanese Train Haruka Express.wav,a man is speaking while a machine is running in the background
Downtown Montreal.wav,a man is talking while a crowd of people are talking
Squeeky.wav,a door is creaking as it is opened and closed
20061121.pine.forest.wav,birds are chirping and singing in the woods
Night Frogs.wav,a very loud and persistent stream of water is flowing
Movements in the Water.wav,water is dripping into a basin and a small sink
London Overground train (interior) approaches Victoria Station.wav,a train is moving down the tracks and people are talking in the background
footsteps 3.wav,a person is walking up a wooden staircase and taking a moment to catch their breath
AlleyWater.wav,water is dripping into a basin and a metal object is hitting another object in the background
Dogs barking from barn in distance in the morning.wav,a dog is barking while a few birds are chirping
Sliding doors.wav,a person is opening and closing a door and then closing the door
SamyeLing_Drain121102.wav,water is flowing down a drain and into a drain
crowdfree.wav,a crowd of people are talking and yelling
BathFill.wav,water is running down a drain and into a drain
Rain_thunder-20120406-154324.wav,rain is falling down while thunder is clapping and thunder is rumbling
Plaza_de_la_Revolucion_risa.wav,a group of people are talking and laughing
Water dripping.wav,water is running from a faucet into a sink
"Queen Street Mill, loom running then stops.wav",a machine is running and a machine is making a clanking sound
bird_in_rain.wav,birds are chirping and a car is driving by
R09_0005 bird ambience.wav,birds are chirping and a car is driving by
Sea Atmosphere.wav,the wind is blowing and the rain is hitting the window
Spotted Owl2.wav,a bird is making a high pitched noise
20140223 - Bangkok city sounds.wav,a crowd of people are talking in a large hall
tornado day 4.wav,a plane is flying overhead and birds are chirping in the background
Shanghai Traffic Near Peoples Square.wav,a man is talking while cars drive by and people talk
night in the countryside.wav,a dog barks and a man and a child are talking
bandung-taxiradio-1.wav,a man is speaking while a woman is speaking in the background
Outside01.wav,a shower is running and a bird is chirping in the background
door-squeak-rattle.wav,a door is opened and closed several times
Hanoi streets.wav,a man is talking while a car drives by
Appartment_Ambient_AC_TV_Fans.wav,a machine is running and a fan is blowing air
STE-027-edit.wav,a bird is chirping and a man is talking
130915 - Exterior-Hard Rain - Door - Thunder - Metal Lawn Furniture.wav,rain is pouring down while thunder is clapping and rain is hitting a tin roof
down stars running 3.wav,a person is walking up a flight of stairs
20160820_saluzzo.arcade.04.wav,people are talking in a restaurant and a glass is being dropped
Wind and Rain.wav,rain is pouring down and water is dripping into a basin
Footsteps Gravel Trainers Running 96Hz 24 Bit.wav,footsteps crunch on gravel as a person walks through the snow
20100422.waterfall.birds.wav,birds are chirping and singing in the forest
Sepang Beach 04.wav,the wind is blowing and waves are crashing against the shore
Machetes hit 2.wav,a glass is being tapped by a person on a glass
"09-07-14_2338_Foz, fisherman next to the river.wav",wind blows as a car drives by in the distance
latenighttraffic.wav,a car drives by and then a man starts to speak
Garage Ambient 32 Bits 48 Khz.wav,water drips into a basin and a metal object is dropped on the floor
Flowing traffic in the outer ring of Milan 2.wav,a vehicle drives by and then a man and a woman speak
Slow Windchimes.wav,a bell is ringing and a person is singing a song
"Wind Chimes On Town Square, Germany.wav",wind chimes clang against the wind as people walk by
saturday_ambiance.wav,a man is speaking while a car honks and people talk in the background
Roadside.wav,a machine is running and then it stops and then continues
"VCR,rewind,opendoor.wav",a machine is running and then stops and then starts again
Walking on pebble beach.wav,a person walks through crunchy leaves and crunching twigs
Fountain Trompenburg 090928.wav,water is flowing and birds are chirping in the background
Birds of Klein Profijt.wav,birds are chirping and singing in the background as a car drives by
door.of.bar.raining2.wav,a crowd of people are talking and laughing
City forest.wav,birds are chirping and singing in the forest
stairwell door slam.wav,a door is opened and then closed a door is open and then a door closes
20060426.marsh.crikets.day.stereo.02.wav,crickets chirp in the background as a cricket chirps
A creek in a forest.wav,water is flowing down a stream and into a pond
WS Opening-ClosingDoor(BSROF).wav,a door is opened and closed several times
murmur_on_ferry_3.wav,a crowd of people are talking in a large room
20101205.02.night.dog.n.car.wav,a dog barks a car drives by and a man and a woman speak
20070325.windy.forest.stereo.02.wav,birds are chirping and singing in the forest
bird-twitter-car.wav,birds are chirping and singing in the woods
080809_05_FontanaKoblerov.wav,rain is pouring down on a hard surface
ResidentialFallNight_crickets.wav,crickets chirp loudly and a bird chirps in the background
growling thunder.wav,a thunderstorm is brewing and a man is coughing
Traffic and pedestrians.wav,a bird chirps while a car drives by and a man speaks
FR.BirdChatAmbience.26.wav,birds are singing and singing and a child speaks
