file_name,sbert_sim,fer,fense
Santa Motor.wav,0.3277854025363922,0.0,0.3277854025363922
Radio Garble.wav,0.43281203508377075,0.0,0.43281203508377075
Radio Fuzz for Old Radio Broadcast FF233.wav,0.39417463541030884,0.0,0.39417463541030884
toy rattle 2.wav,0.3423669934272766,0.0,0.3423669934272766
Blade Big.wav,0.31590279936790466,0.0,0.31590279936790466
young artists.wav,0.562005877494812,0.0,0.562005877494812
Various gasps.wav,0.5826212167739868,0.0,0.5826212167739868
Bear Last Audio.wav,0.29111313819885254,0.0,0.29111313819885254
Sound of the wind comes from the tunnel 3.wav,0.3714113235473633,0.0,0.3714113235473633
BottleDrinking02.wav,0.5402345061302185,0.0,0.5402345061302185
Santas workshop.wav,0.4493797719478607,0.0,0.4493797719478607
rumple_paper.wav,0.19413338601589203,0.0,0.19413338601589203
Ocean and Fog Horn.wav,0.4065285623073578,0.0,0.4065285623073578
winter-sticks-swish.wav,0.18357041478157043,0.0,0.18357041478157043
Power station interior ATM.wav,0.4314960539340973,0.0,0.4314960539340973
20130327_valparaiso.traffic.02.wav,0.4614957869052887,0.0,0.4614957869052887
greece_naxos_cicadas_3.wav,0.5120783448219299,0.0,0.5120783448219299
nuclear winter.wav,0.6062399744987488,0.0,0.6062399744987488
nxSample012.wav,0.6014363169670105,0.0,0.6014363169670105
match-close.wav,0.256572961807251,0.0,0.256572961807251
1990 repetition brass-band 01.wav,0.4070417582988739,0.0,0.4070417582988739
heating_far away.wav,0.5295845866203308,0.0,0.5295845866203308
20061205.washing.machine.wash.wav,0.5100252032279968,0.0,0.5100252032279968
Erik Final.wav,0.22046689689159393,0.0,0.22046689689159393
PageFlip5.wav,0.4957253634929657,0.0,0.4957253634929657
20080504.horse.drawn.00.wav,0.2308664619922638,0.0,0.2308664619922638
yorkminsterBaptistChurch StClair.wav,0.7523902058601379,0.0,0.7523902058601379
In the City.wav,0.5869532823562622,0.0,0.5869532823562622
Crows.wav,0.7519516944885254,0.0,0.7519516944885254
Busy Coffee Shop Counter Field Recording.wav,0.5485898852348328,0.0,0.5485898852348328
20160506_sharpening.02.wav,0.5224080085754395,0.0,0.5224080085754395
Super Market.wav,0.3213517665863037,0.0,0.3213517665863037
Atlantic Ocean Waves.wav,0.6909143924713135,0.0,0.6909143924713135
ambientphase.wav,0.45688754320144653,0.0,0.45688754320144653
Birds_and_Water_Filling_Rain_Barrel.wav,0.4654059410095215,0.0,0.4654059410095215
Galaktisk time signal.wav,0.39785805344581604,0.0,0.39785805344581604
bathroom fan.wav,0.2824907898902893,0.0,0.2824907898902893
Clatter.wav,0.2635289132595062,0.0,0.2635289132595062
vending machine action.wav,0.13419191539287567,0.0,0.13419191539287567
Blackbird 252.wav,0.8098530173301697,0.0,0.8098530173301697
Butter knife being Tapped.wav,0.3953056037425995,0.0,0.3953056037425995
Cafeteria Ambience.wav,0.600897490978241,0.0,0.600897490978241
Elizabeth Evans Park - Mount Dora - June.wav,0.3515646457672119,0.0,0.3515646457672119
Car Driving.wav,0.46920648217201233,0.0,0.46920648217201233
OrchardBirds.wav,0.7851212024688721,0.0,0.7851212024688721
"cleaning window, glass squeak.wav",0.3810842037200928,0.0,0.3810842037200928
coffee.wav,0.12167055904865265,0.0,0.12167055904865265
container port 01.wav,0.28909218311309814,0.0,0.28909218311309814
cookieSheetWiping.wav,0.2372593879699707,0.0,0.2372593879699707
fs_brokenMixer302-2.wav,0.29298290610313416,0.0,0.29298290610313416
Creacking Oak 6bft  SHORT 130418_00.wav,0.5677858591079712,0.0,0.5677858591079712
winding finished rope.wav,0.21515122056007385,0.0,0.21515122056007385
CreakingNoise.wav,0.24748218059539795,0.0,0.24748218059539795
Crowd on Stairs.wav,0.18819688260555267,0.0,0.18819688260555267
water_boil_pour_stir-96.wav,0.6473202705383301,0.0,0.6473202705383301
MISC_Int_Cat_Purring_002.wav,0.6687242388725281,0.0,0.6687242388725281
Dog escapes from the room.wav,0.3619635999202728,0.0,0.3619635999202728
doing-the-dishes.wav,0.3822105824947357,0.0,0.3822105824947357
Remix of 101674__Robinhood76__01906_aluminium_foil_&#39;space-alien radio-static remix&#39;.wav,0.416395902633667,0.0,0.416395902633667
Glass moving 2.wav,0.3749637305736542,0.0,0.3749637305736542
Sink Drain.wav,0.48614126443862915,0.0,0.48614126443862915
md1trk11.wav,0.37620511651039124,0.0,0.37620511651039124
PS3F_FOZ_centro_Mufato_fita_embalagem_tarde.wav,0.36470404267311096,0.0,0.36470404267311096
fallingbeans.wav,0.25976094603538513,0.0,0.25976094603538513
FAN STOP.wav,0.39316120743751526,0.0,0.39316120743751526
Fast Motor Running.wav,0.5270384550094604,0.0,0.5270384550094604
recycling center 1.wav,0.6817838549613953,0.0,0.6817838549613953
Howler monkey and other monkey or bird.wav,0.7004013061523438,0.0,0.7004013061523438
Stairwell with echo Front.wav,0.43186673521995544,0.0,0.43186673521995544
harmonics.wav,0.43825411796569824,0.0,0.43825411796569824
"Weight machine, gas resistance.wav",0.5247575640678406,0.0,0.5247575640678406
T156 Activity 2.2.wav,0.7328158617019653,0.0,0.7328158617019653
industrial_crash02.wav,0.3592267632484436,0.0,0.3592267632484436
Urban Fountain (San Francisco).wav,0.5702639818191528,0.0,0.5702639818191528
"MEN RUNNING, FOREST, BREATHING (1).wav",0.32962918281555176,0.0,0.32962918281555176
New Lift.wav,0.5535730719566345,0.0,0.5535730719566345
nnus_forklift_driveby.wav,0.43691888451576233,0.0,0.43691888451576233
Plastic Ruler hit.wav,0.09829917550086975,0.0,0.09829917550086975
fdv_orage.wav,0.8209784626960754,0.0,0.8209784626960754
01 A pug struggles to breathe 1_14_2008.wav,0.3173834979534149,0.0,0.3173834979534149
01 hospital elevator with computer voice.wav,0.49247294664382935,0.0,0.49247294664382935
Sunny Afternoon Suburb Ambiance .wav,0.5415812730789185,0.0,0.5415812730789185
01862 heavy machine working.wav,0.39795470237731934,0.0,0.39795470237731934
0211_170236 walk downstairs.wav,0.5147973299026489,0.0,0.5147973299026489
underWater001.wav,0.3229497969150543,0.0,0.3229497969150543
cat_purr_1.wav,0.5233902931213379,0.0,0.5233902931213379
shopping-cart-rattle.wav,0.30920499563217163,0.0,0.30920499563217163
STE-034 vatican steps.wav,0.45244428515434265,0.0,0.45244428515434265
043015 Splashing water in bathtub.wav,0.7423062324523926,0.0,0.7423062324523926
20110206_bright.winter.morning.wav,0.6943243741989136,0.0,0.6943243741989136
070821_flsp_bog01.wav,0.6442059278488159,0.0,0.6442059278488159
Kauai Sunrise.wav,0.7358511686325073,0.0,0.7358511686325073
stclaude.wav,0.7314653396606445,0.0,0.7314653396606445
The Desert Dome (Entrance).wav,0.6283677816390991,0.0,0.6283677816390991
WasherSpinCycleWindUp.wav,0.6594520211219788,0.0,0.6594520211219788
20110121_stream.MS.wav,0.6348856091499329,0.0,0.6348856091499329
Freezing Rain.wav,0.5952844023704529,0.0,0.5952844023704529
bowling_basin_2.wav,0.4450748562812805,0.0,0.4450748562812805
dragged-glass-object.wav,0.47279879450798035,0.0,0.47279879450798035
20070224.siren.wav,0.5714163184165955,0.0,0.5714163184165955
Calm down-town morning 02 150722_0706.wav,0.6408615708351135,0.0,0.6408615708351135
20070402.crowd.wav,0.43807345628738403,0.0,0.43807345628738403
gully with flowing water.wav,0.5496535897254944,0.0,0.5496535897254944
Thunder 03.wav,0.3916466236114502,0.0,0.3916466236114502
20080416.buzz.stereo.wav,0.891901433467865,0.0,0.891901433467865
CFX-20130331-UK-DorsetSeaCliff02.wav,0.6080430150032043,0.0,0.6080430150032043
20090105.slicing.wav,0.3787098824977875,0.0,0.3787098824977875
20090407.cricket.real.close.wav,0.2316402941942215,0.0,0.2316402941942215
20090712.engine.00.wav,0.2967780530452728,0.0,0.2967780530452728
20090712.engine.01.wav,0.08394606411457062,0.0,0.08394606411457062
20091217.18.chains.wav,0.38836970925331116,0.0,0.38836970925331116
St Pauls Bells 1.wav,0.5059002637863159,0.0,0.5059002637863159
it_has_just_begun.wav,0.6792632341384888,0.0,0.6792632341384888
20100320.fountain.wav,0.5464373230934143,0.0,0.5464373230934143
20100410.almunecar.surf.wav,0.5534653663635254,0.0,0.5534653663635254
20100422.castril.playground.wav,0.623386561870575,0.0,0.623386561870575
20100804.idling.van.wav,0.5832625031471252,0.0,0.5832625031471252
2013622thunder.wav,0.6540675163269043,0.0,0.6540675163269043
451__mikejedw__bong2_variant#2.wav,0.4578414857387543,0.0,0.4578414857387543
humidifier.wav,0.642586886882782,0.0,0.642586886882782
a boy and 2 pigs.wav,0.3415051996707916,0.0,0.3415051996707916
hiking 1.wav,0.6040844917297363,0.0,0.6040844917297363
"Parking Garage - Ambiance, Electrical Hum 1.wav",0.3782288730144501,0.0,0.3782288730144501
AbdnC_KingStPelican_120225.wav,0.37411263585090637,0.0,0.37411263585090637
Reel-to-Reel Tape On Fast Forward.wav,0.46219387650489807,0.0,0.46219387650489807
Afternoon Suburb Calm.wav,0.5509376525878906,0.0,0.5509376525878906
back yard ambience loop 11-06-14.wav,0.29471659660339355,0.0,0.29471659660339355
ambienten.wav,0.43111538887023926,0.0,0.43111538887023926
ambulance and police edinburgh old city.wav,0.49959588050842285,0.0,0.49959588050842285
cat hiss yowl.wav,0.46715861558914185,0.0,0.46715861558914185
Westland Petrels land in their colony at dawn.wav,0.11081170290708542,0.0,0.11081170290708542
stone_well.wav,0.480684757232666,0.0,0.480684757232666
Arch Leaf.wav,0.3910272717475891,0.0,0.3910272717475891
Armoury Site.wav,0.5552712678909302,0.0,0.5552712678909302
STE-037 vatican coridor.wav,0.5008521676063538,0.0,0.5008521676063538
Atmosphere on road in London.wav,0.5864577889442444,0.0,0.5864577889442444
Thunder - Guangzhou - China - Quiet.wav,0.8118879199028015,0.0,0.8118879199028015
auto-rickshaw-trip.wav,0.5949257016181946,0.0,0.5949257016181946
Prep Rally.wav,0.663687527179718,0.0,0.663687527179718
Backhoe.wav,0.5156344771385193,0.0,0.5156344771385193
bag flapping.wav,0.26067984104156494,0.0,0.26067984104156494
Balloon Game at Arlington Heights Carnival.wav,0.3725214898586273,0.0,0.3725214898586273
Bangkok City Distant.wav,0.30004259943962097,0.0,0.30004259943962097
Geyser ambience and turn off.wav,0.3768893778324127,0.0,0.3768893778324127
Basic_Battle.wav,0.43061143159866333,0.0,0.43061143159866333
Rain hitting window.wav,0.3440418839454651,0.0,0.3440418839454651
slam.wav,0.18113131821155548,0.0,0.18113131821155548
Weinglaser.wav,0.5453440546989441,0.0,0.5453440546989441
Tractor1 FF654.wav,0.5145390629768372,0.0,0.5145390629768372
robinet.wav,0.5554885864257812,0.0,0.5554885864257812
Tube - 1 stop to brixton.wav,0.5017258524894714,0.0,0.5017258524894714
Binding my thesis.wav,0.48969346284866333,0.0,0.48969346284866333
FOREST_BIRDS_WOODPECKER.wav,0.7371613383293152,0.0,0.7371613383293152
water splash and flounder about in a puddle.wav,0.5313035845756531,0.0,0.5313035845756531
birds_stereo.wav,0.7551366686820984,0.0,0.7551366686820984
BlackCappedChickadee.wav,0.5608678460121155,0.0,0.5608678460121155
Running Dirt Tennis Shoes.wav,0.4288550317287445,0.0,0.4288550317287445
Idle and Rev - Engine.wav,0.6212212443351746,0.0,0.6212212443351746
Grand Union Canal Kensal Green.wav,0.6070405840873718,0.0,0.6070405840873718
Le Verdon fountain.wav,0.6546427607536316,0.0,0.6546427607536316
Shaking Gate.wav,0.42380592226982117,0.0,0.42380592226982117
breast-pump.wav,0.10312733799219131,0.0,0.10312733799219131
BulletJuneEdited192012.wav,0.5484330058097839,0.0,0.5484330058097839
driveaway.wav,0.31026020646095276,0.0,0.31026020646095276
Bus(Drive_Reverse)_1-2.wav,0.6848435401916504,0.0,0.6848435401916504
Hitting baseball w. wooden bat.wav,0.48662909865379333,0.0,0.48662909865379333
TowerofLondonBeefeater.wav,0.2823066711425781,0.0,0.2823066711425781
walking-wooden-bridge-fall-leafs-creek.wav,0.45979902148246765,0.0,0.45979902148246765
Canada Geese Squawk on a Pond with a Fountain.wav,0.8084495663642883,0.0,0.8084495663642883
car dragging limb.wav,0.707101047039032,0.0,0.707101047039032
Car Driving Interior.wav,0.4481661915779114,0.0,0.4481661915779114
Car Engine Idling.wav,0.586227536201477,0.0,0.586227536201477
dishes rattle.wav,0.32153597474098206,0.0,0.32153597474098206
CAR_WASH.wav,0.33153286576271057,0.0,0.33153286576271057
Kowloon Park.wav,0.7137174010276794,0.0,0.7137174010276794
gasBubblesNoise.wav,0.2312227487564087,0.0,0.2312227487564087
cars over bridge decking.wav,0.34321969747543335,0.0,0.34321969747543335
Wobbling of paper.wav,0.2260397970676422,0.0,0.2260397970676422
"Cash Machine, Indoors, Full Transaction.wav",0.33829060196876526,0.0,0.33829060196876526
sign hanging on wooden door.wav,0.46678924560546875,0.0,0.46678924560546875
circadas-near-casino.wav,0.25761452317237854,0.0,0.25761452317237854
cats how.wav,0.6147227883338928,0.0,0.6147227883338928
chainsaw vs chestnut tree.wav,0.7535029649734497,0.0,0.7535029649734497
Changing Room.wav,0.565170168876648,0.0,0.565170168876648
Walking shingle beach.wav,0.6454559564590454,0.0,0.6454559564590454
Truck starts and stops_edit.wav,0.3413819968700409,0.0,0.3413819968700409
Manipulated Sink Water Sound.wav,0.5766982436180115,0.0,0.5766982436180115
Creepy old elevator 2.wav,0.6742202639579773,0.0,0.6742202639579773
Water_Lapping_River.wav,0.38356813788414,0.0,0.38356813788414
Loading old cobbles.wav,0.4563441872596741,0.0,0.4563441872596741
Marker on paper.wav,0.5261839032173157,0.0,0.5261839032173157
Cityscape 05 090617.wav,0.4563014507293701,0.0,0.4563014507293701
Cityscape Compounded 01.wav,0.41003963351249695,0.0,0.41003963351249695
CoffeeGrinder_111212.wav,0.344917356967926,0.0,0.344917356967926
Metal handle on wooden box.wav,0.43395495414733887,0.0,0.43395495414733887
Drop Coin into Glass.wav,0.43745002150535583,0.0,0.43745002150535583
Train coming in.wav,0.5416770577430725,0.0,0.5416770577430725
forklift1.wav,0.2649141848087311,0.0,0.2649141848087311
Teig ausrollen.wav,0.35012349486351013,0.0,0.35012349486351013
food_prep_1_cw.wav,0.39878514409065247,0.0,0.39878514409065247
Water in a canal.wav,0.38045617938041687,0.0,0.38045617938041687
cordsAndPaper.wav,0.17754216492176056,0.0,0.17754216492176056
Cornell Big Cheer.wav,0.508499801158905,0.0,0.508499801158905
TIKTOK_1.wav,0.72504723072052,0.0,0.72504723072052
crackling-rain-fire.wav,0.5896155834197998,0.0,0.5896155834197998
creaking dishwasher_2.wav,0.32596269249916077,0.0,0.32596269249916077
creeeeek-GAIN_01.wav,0.4420787990093231,0.0,0.4420787990093231
trenecito_maqueta.wav,0.5429098606109619,0.0,0.5429098606109619
squirrel upset.wav,0.5672001242637634,0.0,0.5672001242637634
crunchy_steps.wav,0.3866684138774872,0.0,0.3866684138774872
descending noise sweep.wav,0.2900567948818207,0.0,0.2900567948818207
Thunder3.wav,0.6217911839485168,0.0,0.6217911839485168
Deutz-Tractor-Engine-1972.wav,0.5781232118606567,0.0,0.5781232118606567
DIDGERIDOO 05.wav,0.25672847032546997,0.0,0.25672847032546997
Diesel Engine Rattle.wav,0.6024366617202759,0.0,0.6024366617202759
LondonTraffic.wav,0.4380953311920166,0.0,0.4380953311920166
"spring, road.wav",0.5111044049263,0.0,0.5111044049263
DlyFeedback.wav,0.4125818908214569,0.0,0.4125818908214569
Door.wav,0.49288269877433777,0.0,0.49288269877433777
hort.wav,0.2657012939453125,0.0,0.2657012939453125
train_passing_by_fresco.wav,0.45674702525138855,0.0,0.45674702525138855
ShowerAndSoap.wav,0.6588358283042908,0.0,0.6588358283042908
walking down hall MIT mike closer to feet.wav,0.442322701215744,0.0,0.442322701215744
water puddle.wav,0.3531527519226074,0.0,0.3531527519226074
Drumming on some trees.wav,0.5691107511520386,0.0,0.5691107511520386
Streatham Railway Station and on a Train.wav,0.34045273065567017,0.0,0.34045273065567017
dutch_train_coming2.wav,0.34797176718711853,0.0,0.34797176718711853
interference from wireless mouse on am radio.wav,0.48825475573539734,0.0,0.48825475573539734
startupjetengine.wav,0.4888710081577301,0.0,0.4888710081577301
LightRaininPinesMarch302013.wav,0.45733651518821716,0.0,0.45733651518821716
Evening Glade.wav,0.6026784777641296,0.0,0.6026784777641296
Evening suburban ambience.wav,0.5679688453674316,0.0,0.5679688453674316
fallingrice1.wav,0.511236846446991,0.0,0.511236846446991
Pebbles_Scrape_Drag_Foot.wav,0.3255673050880432,0.0,0.3255673050880432
"Fast food soda with ice, sip slurp straw.wav",0.3750944435596466,0.0,0.3750944435596466
tram_prague_2stops_veryfewpeople_AMB_INT.wav,0.47919756174087524,0.0,0.47919756174087524
glass a.wav,0.1669922173023224,0.0,0.1669922173023224
Field-Recording.LawnMower.4.wav,0.2382906675338745,0.0,0.2382906675338745
International Harvester Scout II.wav,0.5383369326591492,0.0,0.5383369326591492
Thunder burst with rain.wav,0.7910693883895874,0.0,0.7910693883895874
foil_expanding_multiple.wav,0.51506507396698,0.0,0.51506507396698
FOLEY_Ext_Garbage_Hauling_001.wav,0.461351603269577,0.0,0.461351603269577
small town.wav,0.40766915678977966,0.0,0.40766915678977966
Footsteps on Wet Pavement_1-2.wav,0.6698922514915466,0.0,0.6698922514915466
Footsteps outside - Including ambience.wav,0.7288658618927002,0.0,0.7288658618927002
Footsteps Walking in Forest tractor in background-1.wav,0.521054208278656,0.0,0.521054208278656
Park 3.wav,0.5760701894760132,0.0,0.5760701894760132
sw_SolitaryCricket_NR_01.wav,0.7568672299385071,0.0,0.7568672299385071
fountain.wav,0.5568996667861938,0.0,0.5568996667861938
FREEZER_DOOR_OPEN_CLOSE.wav,0.5507692694664001,0.0,0.5507692694664001
FrogsBlackHill.wav,0.6149173974990845,0.0,0.6149173974990845
Grinding sugar.wav,0.2970941364765167,0.0,0.2970941364765167
Gentle Rain on Concrete.wav,0.5307352542877197,0.0,0.5307352542877197
Lisbon street_2.wav,0.5912187695503235,0.0,0.5912187695503235
RBH_Household_shower 03.wav,0.6386168003082275,0.0,0.6386168003082275
Grasshoppers_and_wind1.wav,0.41458359360694885,0.0,0.41458359360694885
Grovers Love 100.wav,0.640152633190155,0.0,0.640152633190155
wawawawawwawawawwaterrings.wav,0.6021532416343689,0.0,0.6021532416343689
outdoors forest footsteps running jogging rustle.wav,0.37670692801475525,0.0,0.37670692801475525
Sunny afternoon at Wansford on the Nene Valley Railway.wav,0.6123512387275696,0.0,0.6123512387275696
junction_night_traffic.wav,0.37850460410118103,0.0,0.37850460410118103
steam train 05.wav,0.4445766508579254,0.0,0.4445766508579254
Heat duct .wav,0.4494422972202301,0.0,0.4494422972202301
"windy winter day, wind in trees, from distance.wav",0.6217569708824158,0.0,0.6217569708824158
Various_Bells_160516_0222.wav,0.6509832739830017,0.0,0.6509832739830017
Heavy Wind.wav,0.7175717949867249,0.0,0.7175717949867249
hfbird6.wav,0.5145440697669983,0.0,0.5145440697669983
Highway_in_the_distance.wav,0.40525898337364197,0.0,0.40525898337364197
Himalayan Gong.wav,0.3093414306640625,0.0,0.3093414306640625
wind in the grass small town.wav,0.3087626099586487,0.0,0.3087626099586487
Neighborhood  Bird Ambiance 3.wav,0.7861039042472839,0.0,0.7861039042472839
INT London Underground.wav,0.30189943313598633,0.0,0.30189943313598633
sharp smashing ice.wav,0.2354506552219391,0.0,0.2354506552219391
medical car horn EGYPT Alexandria.wav,0.780085027217865,0.0,0.780085027217865
Rolling Wind - looping.wav,0.7229315638542175,0.0,0.7229315638542175
porto_morning_tropical_birds_market_20.wav,0.7061021327972412,0.0,0.7061021327972412
Jesus! Hellbound I go but I&#39;m coming back!.wav,0.5428707003593445,0.0,0.5428707003593445
junk_box001.wav,0.4005718231201172,0.0,0.4005718231201172
taman negara squelches.wav,0.21063292026519775,0.0,0.21063292026519775
quacking-squirt-bottle.wav,0.22876904904842377,0.0,0.22876904904842377
kikkers.wav,0.6081826686859131,0.0,0.6081826686859131
Kings Cross street sounds.wav,0.5629329085350037,0.0,0.5629329085350037
knock on wood.wav,0.7158299684524536,0.0,0.7158299684524536
Wood Jostling.wav,0.3389419615268707,0.0,0.3389419615268707
Papyrusatmo.wav,0.6941990852355957,0.0,0.6941990852355957
sink with lov pressure.wav,0.4669055640697479,0.0,0.4669055640697479
light rain 1.wav,0.5164411664009094,0.0,0.5164411664009094
WOOD CHOPPING_ Chopping hard wood with metal Axe (SFX).wav,0.4343433380126953,0.0,0.4343433380126953
street 2.wav,0.487699031829834,0.0,0.487699031829834
Pardelas.wav,0.6990770697593689,0.0,0.6990770697593689
Tires car without an engine.wav,0.4527638554573059,0.0,0.4527638554573059
md1trk22.wav,0.4109807014465332,0.0,0.4109807014465332
POLLA AIGUA 0.16.wav,0.3024105727672577,0.0,0.3024105727672577
md1trk33-34.wav,0.7650598883628845,0.0,0.7650598883628845
Metallic Lingo.wav,0.4945366382598877,0.0,0.4945366382598877
Tapping two metal objects .wav,0.5604248642921448,0.0,0.5604248642921448
"Motor - Water Pump, Small Fountain.wav",0.3856790363788605,0.0,0.3856790363788605
Sewer outflow to the Baltic sea.wav,0.131678506731987,0.0,0.131678506731987
Ocean Waves 1.wav,0.2819015383720398,0.0,0.2819015383720398
Stream Honiton.wav,0.6930572986602783,0.0,0.6930572986602783
open and close pen.wav,0.5406669974327087,0.0,0.5406669974327087
pouring water (dif speeds).wav,0.7210120558738708,0.0,0.7210120558738708
Oystercatchers and Chic.wav,0.6369576454162598,0.0,0.6369576454162598
RainGutter.wav,0.4714934527873993,0.0,0.4714934527873993
Snow effects.wav,0.28060975670814514,0.0,0.28060975670814514
Walking on crunchy snow.wav,0.4235081672668457,0.0,0.4235081672668457
Pencil 1.wav,0.3829239308834076,0.0,0.3829239308834076
Pensol - le Moulin cours d&#39;eau.wav,0.5458006858825684,0.0,0.5458006858825684
smallgrocery.wav,0.48703333735466003,0.0,0.48703333735466003
Playing organ with an open window.wav,0.5041588544845581,0.0,0.5041588544845581
Pulley Sounds.wav,0.24236054718494415,0.0,0.24236054718494415
Ronda - Fountain near the Town Hall (general) - Fuente cerca del Ayuntamiento (general).wav,0.6735761165618896,0.0,0.6735761165618896
Red Beach at night - RJ.wav,0.1530158519744873,0.0,0.1530158519744873
Rain_under_tree.wav,0.8267201781272888,0.0,0.8267201781272888
River Alde marsh.wav,0.46686050295829773,0.0,0.46686050295829773
Rocks - hits.wav,0.1040072962641716,0.0,0.1040072962641716
Roosters and dogs wake up in the small village of La Preciosita.  A morning in Mexican countryside.wav,0.5524197816848755,1.0,0.055241978168487534
rummage in metal box.wav,0.43630146980285645,0.0,0.43630146980285645
Scops owl&#39;s call in night silence.wav,0.2968646287918091,0.0,0.2968646287918091
small dog leaves.wav,0.30632519721984863,0.0,0.30632519721984863
Snow crunch.wav,0.7335922718048096,0.0,0.7335922718048096
VA State Fair # 10 (Quieter Crowd Noise).wav,0.599477231502533,0.0,0.599477231502533
"Two Diesel Locomotives Pass Slowly, L to R.wav",0.6943419575691223,0.0,0.6943419575691223
Tortured Apple 03.wav,0.27906495332717896,0.0,0.27906495332717896
STE-011 broadway bridge traffic.wav,0.5395802855491638,0.0,0.5395802855491638
water_flows_through_crack_in_rocks.wav,0.6505920886993408,0.0,0.6505920886993408
Wind_Whistling_Dorm_Window.wav,0.45901843905448914,0.0,0.45901843905448914
soft harsh noize.wav,0.5439027547836304,0.0,0.5439027547836304
SonicSnap_GPSUK_sewing machine.wav,0.3287397027015686,0.0,0.3287397027015686
TRAN_Plane_PropSpin_01.wav,0.42898979783058167,0.0,0.42898979783058167
Wet_Soggy_Squishy_Footsteps.wav,0.21267305314540863,0.0,0.21267305314540863
village bar.wav,0.6253671646118164,0.0,0.6253671646118164
Train passing by and horning in Romania (Bacau). Close recording.wav,0.7164244055747986,0.0,0.7164244055747986
Street_Car.wav,0.6498345732688904,0.0,0.6498345732688904
Toilet Shuffling.wav,0.7527011036872864,0.0,0.7527011036872864
toymotor.wav,0.1742158979177475,0.0,0.1742158979177475
Village road.wav,0.6398666501045227,0.0,0.6398666501045227
windroar_constant_1m12s.wav,0.5701395273208618,0.0,0.5701395273208618
Flipping Pages.wav,0.7241449356079102,0.0,0.7241449356079102
"Footsteps, Dry Leaves, G.wav",0.6902084350585938,0.0,0.6902084350585938
box of valves.wav,0.4733676612377167,0.0,0.4733676612377167
walking 2.wav,0.7657163739204407,0.0,0.7657163739204407
Car_Suspension_Creak.wav,0.3653908669948578,0.0,0.3653908669948578
Atmo Busbahnhof (besser).wav,0.5350130796432495,0.0,0.5350130796432495
20140809_cruzul.river.wav,0.412858784198761,0.0,0.412858784198761
20101026Cows.wav,0.5922848582267761,0.0,0.5922848582267761
20070918.galloping.horse.wav,0.7647687792778015,0.0,0.7647687792778015
Tools Ratchet.wav,0.2419416904449463,0.0,0.2419416904449463
20090827.pony.wav,0.1583818942308426,0.0,0.1583818942308426
Tallarol capnegre.wav,0.23546655476093292,0.0,0.23546655476093292
DH14_CrowTram2b.wav,0.575836718082428,0.0,0.575836718082428
west ham bubbles.wav,0.5818564295768738,0.0,0.5818564295768738
invexdpo.wav,0.45450177788734436,0.0,0.45450177788734436
rain_medium_thunders.wav,0.8126981854438782,0.0,0.8126981854438782
amplitude rich.wav,0.660664975643158,0.0,0.660664975643158
Family Reunion Side A Original.wav,0.3639105260372162,0.0,0.3639105260372162
dog-drinks-pauses-drinks-pauses-drinks.wav,0.3423033356666565,0.0,0.3423033356666565
Unseathing &amp; Wobble.wav,0.48179149627685547,0.0,0.48179149627685547
Lassen.wav,0.3282270133495331,0.0,0.3282270133495331
ToyEngineIrregular.wav,0.7120313048362732,0.0,0.7120313048362732
"Driving, traffic, construction.wav",0.26255932450294495,0.0,0.26255932450294495
Voice 036.wav,0.2531336545944214,0.0,0.2531336545944214
growing pipe(s)-2.wav,0.31701287627220154,0.0,0.31701287627220154
Digging4.wav,0.12052871286869049,0.0,0.12052871286869049
High Pruner.wav,0.06893021613359451,0.0,0.06893021613359451
small crowd outdoors.wav,0.45014429092407227,0.0,0.45014429092407227
The dishwasher.wav,0.4653415381908417,0.0,0.4653415381908417
Swifts.wav,0.728113055229187,0.0,0.728113055229187
_Stream 2 at Krka falls.wav,0.6476789116859436,0.0,0.6476789116859436
snowy_footsteps-15degrees-2(gain).wav,0.10564427822828293,0.0,0.10564427822828293
02-Bakken_Rollercoaster.wav,0.2512688636779785,0.0,0.2512688636779785
Enduro Motocross - (Kouri Forest - Salonika) 16_03 11.05.wav,0.42011457681655884,0.0,0.42011457681655884
20061215.early.morning.wav,0.6639091372489929,0.0,0.6639091372489929
09-07-13_1900_Bells of Torre dos Clerigos (short).wav,0.5740506052970886,0.0,0.5740506052970886
SFX metal banging.wav,0.6149423718452454,0.0,0.6149423718452454
Clinking Glasses.wav,0.48970842361450195,0.0,0.48970842361450195
14.12.2011.001.wav,0.4879237115383148,0.0,0.4879237115383148
Railroad Crossing Japan.wav,0.5961450934410095,0.0,0.5961450934410095
20091225.rain.01.wav,0.6227723956108093,0.0,0.6227723956108093
161006_0075 creaking floor -nr.wav,0.5269667506217957,0.0,0.5269667506217957
"background of the side streets of Rhodes, scooter, tourists French and American, grinder.wav",0.27674612402915955,0.0,0.27674612402915955
Footsteps_Sneakers_Wet Sidewalk-01.R.wav,0.3938448429107666,0.0,0.3938448429107666
walk up carpet steps.wav,0.6807303428649902,0.0,0.6807303428649902
BangingOilTank.wav,0.3613978922367096,0.0,0.3613978922367096
RYTH_door.wav,0.53839510679245,0.0,0.53839510679245
20081102kijjaz-MediumRecordCracklesSynthesis-01.wav,0.2302187979221344,0.0,0.2302187979221344
restaurant wood floor.wav,0.6187378764152527,1.0,0.061873787641525256
inside a japanese bus.wav,0.42400988936424255,0.0,0.42400988936424255
20091217.17.fountain.wav,0.5468697547912598,0.0,0.5468697547912598
Rio Cadi.wav,0.6171380281448364,0.0,0.6171380281448364
20100801.wharf.silence.night.wav,0.46687445044517517,0.0,0.46687445044517517
Swim Meet.wav,0.6442920565605164,0.0,0.6442920565605164
pushkarfeelings.wav,0.41442233324050903,0.0,0.41442233324050903
Chicharra1.wav,0.5246821045875549,0.0,0.5246821045875549
Wall Clock Ticking.wav,0.7041215896606445,0.0,0.7041215896606445
20150330_02.soft.wind.day.MS.wav,0.37348055839538574,0.0,0.37348055839538574
detr01.wav,0.6865994334220886,0.0,0.6865994334220886
A Growing Thunderstorm.wav,0.8549437522888184,0.0,0.8549437522888184
adw018raw.wav,0.6198194026947021,0.0,0.6198194026947021
affected_population.wav,0.3611031472682953,0.0,0.3611031472682953
easter morning birdsong.wav,0.8210548758506775,0.0,0.8210548758506775
STE-041.wav,0.7128064632415771,0.0,0.7128064632415771
"Ambiance, Carnival.wav",0.34115904569625854,0.0,0.34115904569625854
Ambience - Generator.wav,0.5913426280021667,0.0,0.5913426280021667
"Ambience - St Kilda Beach - waves lapping rocks, people nearby, seagulls.wav",0.3049555718898773,0.0,0.3049555718898773
ambientDanger.wav,0.6187708973884583,0.0,0.6187708973884583
Waiting for the start and applause.wav,0.5174660682678223,0.0,0.5174660682678223
arribaBanderas.wav,0.47440940141677856,0.0,0.47440940141677856
Printing Press 4.wav,0.41531601548194885,0.0,0.41531601548194885
texture paper.wav,0.35889551043510437,0.0,0.35889551043510437
wheaten field.wav,0.29843083024024963,0.0,0.29843083024024963
Owls.wav,0.7081463932991028,0.0,0.7081463932991028
Crickets indoors.wav,0.7204483151435852,0.0,0.7204483151435852
Forbidden Purr02.wav,0.18278425931930542,0.0,0.18278425931930542
two noise generators 02.wav,0.2916077971458435,0.0,0.2916077971458435
bangalore_zug_steht.wav,0.49561816453933716,0.0,0.49561816453933716
big pit winder.wav,0.4208188056945801,0.0,0.4208188056945801
bridge.wav,0.22628521919250488,0.0,0.22628521919250488
SamyeLing_Pheasant121102.wav,0.8079950213432312,0.0,0.8079950213432312
Blade sharpening.wav,0.6224140524864197,0.0,0.6224140524864197
LogsOnLogs.wav,0.10085510462522507,0.0,0.10085510462522507
TRAIN 1B.wav,0.6073452830314636,0.0,0.6073452830314636
Bobcat moving pallets etc Part 2 080320.wav,0.5367404818534851,0.0,0.5367404818534851
lakefountain.wav,0.5427578091621399,0.0,0.5427578091621399
Brushing teeth.wav,0.5180366635322571,0.0,0.5180366635322571
Brushing_Teeth_Bathroom_Fx.wav,0.7990936636924744,0.0,0.7990936636924744
bus_leaves.wav,0.7046500444412231,0.0,0.7046500444412231
water_stream_001.wav,0.6073229312896729,0.0,0.6073229312896729
el sonido del arbol y la tierra yerlin .wav,0.3204474449157715,0.0,0.3204474449157715
C Minor Chords Musical Soundscape.wav,0.5254227519035339,0.0,0.5254227519035339
Chopping pieces of mushrooms vigorously.wav,0.6837427616119385,0.0,0.6837427616119385
Kitchen Chair Pulled on Linoleum Floor_1-2.wav,0.48702046275138855,0.0,0.48702046275138855
charchoal drawing on paper.wav,0.24545083940029144,0.0,0.24545083940029144
howling_wind.wav,0.2794615924358368,0.0,0.2794615924358368
radiater-machine air and hum.wav,0.289537250995636,0.0,0.289537250995636
t34t trafik[1].wav,0.6515403985977173,0.0,0.6515403985977173
Toilet Flushaf.wav,0.7236778140068054,0.0,0.7236778140068054
House_kettle boil_whistle.wav,0.6705967783927917,0.0,0.6705967783927917
mechanical.wav,0.5477812886238098,0.0,0.5477812886238098
whiteNoise.wav,0.3296690881252289,0.0,0.3296690881252289
somethingatthedoor.wav,0.3910795748233795,0.0,0.3910795748233795
Ominous Ambience.wav,0.3907529413700104,0.0,0.3907529413700104
Galactic signal 3.wav,0.5106803774833679,0.0,0.5106803774833679
uguisbari.wav,0.26523518562316895,0.0,0.26523518562316895
trains_on_bridge.wav,0.4933992028236389,0.0,0.4933992028236389
keurig-coffe-maker.wav,0.45028334856033325,0.0,0.45028334856033325
greece_naxos_cicadas_2.wav,0.5025905966758728,0.0,0.5025905966758728
freight train close by wooded park.wav,0.7763682007789612,0.0,0.7763682007789612
metal workshop quiet.wav,0.49866995215415955,0.0,0.49866995215415955
Duckpond.wav,0.7743278741836548,0.0,0.7743278741836548
F1.BR.07.InBox.SeveralCars.3.wav,0.48975059390068054,0.0,0.48975059390068054
sand falling on paper.wav,0.4064018428325653,0.0,0.4064018428325653
Unknown morning sound from foliage-BELZ-Caye Caulker-20091211-LFE-007.wav,0.6396984457969666,0.0,0.6396984457969666
flock of geese flying over2.wav,0.7544178366661072,0.0,0.7544178366661072
Foley bullet hit metal pipe.wav,0.5272528529167175,0.0,0.5272528529167175
Wood Steps.wav,0.6056059002876282,0.0,0.6056059002876282
Stepping in puddles w ambient rain.wav,0.5378931164741516,0.0,0.5378931164741516
Footsteps Concrete Scuffs Soft Shoe.wav,0.38824164867401123,0.0,0.38824164867401123
Machine 2 multi Stage.wav,0.2655866742134094,0.0,0.2655866742134094
Forest river.wav,0.6838970184326172,0.0,0.6838970184326172
Garden chimes.wav,0.6998257040977478,0.0,0.6998257040977478
Heavy Wind on Microphone.wav,0.6040560007095337,0.0,0.6040560007095337
miniature goats and sheep.wav,0.7796026468276978,0.0,0.7796026468276978
spring rain in the woods.wav,0.8669716119766235,0.0,0.8669716119766235
scissors_cut_paper.wav,0.29107245802879333,0.0,0.29107245802879333
water_vipS.wav,0.5191713571548462,0.0,0.5191713571548462
Small Junk Dropped.wav,0.4477249085903168,0.0,0.4477249085903168
london-st-james-park-feeding-the-birds.wav,0.8393036723136902,0.0,0.8393036723136902
threejackhammers.wav,0.22020474076271057,0.0,0.22020474076271057
Lekkers Ambience.wav,0.39858344197273254,0.0,0.39858344197273254
Rain Outside window from the indoor version.wav,0.6733273863792419,0.0,0.6733273863792419
Marketing Car Churros.wav,0.7140001058578491,0.0,0.7140001058578491
WavesOnTheShore.wav,0.4259609282016754,0.0,0.4259609282016754
metal rain.wav,0.4555794894695282,0.0,0.4555794894695282
two way traffic five lane road.wav,0.7079203128814697,1.0,0.07079203128814696
nxSample008.wav,0.4802877604961395,0.0,0.4802877604961395
UrbanHerringGulls.wav,0.6748339533805847,0.0,0.6748339533805847
soda in ice.wav,0.5507188439369202,0.0,0.5507188439369202
Rain hitting leafs.wav,0.6133539080619812,0.0,0.6133539080619812
Street Market 2.wav,0.47440996766090393,0.0,0.47440996766090393
Water machine.wav,0.6975552439689636,0.0,0.6975552439689636
footsteps_2.wav,0.38862428069114685,0.0,0.38862428069114685
Spring Lambs at Middle Hulme Farm Near Meerbrook.wav,0.4450617730617523,0.0,0.4450617730617523
Underwater Noise restless 01 140704_0285.wav,0.5052945017814636,0.0,0.5052945017814636
Squeaky car door.wav,0.7490836381912231,0.0,0.7490836381912231
02668 stripwood noises.wav,0.2202526181936264,0.0,0.2202526181936264
Knife Hitting Wine Glass.wav,0.6375535130500793,0.0,0.6375535130500793
Small plane.wav,0.6103896498680115,0.0,0.6103896498680115
Fliping pages in a book.wav,0.5583367347717285,0.0,0.5583367347717285
German Post Office Scene.wav,0.3092411458492279,0.0,0.3092411458492279
20080320.farm.ambiance.2.wav,0.8143900036811829,0.0,0.8143900036811829
singing bell hit 2.wav,0.5887349247932434,0.0,0.5887349247932434
End of rain 090707.wav,0.4800174832344055,0.0,0.4800174832344055
Bees Collingwood.wav,0.8590386509895325,0.0,0.8590386509895325
Metal_Workshop_2.wav,0.5530350804328918,0.0,0.5530350804328918
Spirited Away.wav,0.3590809106826782,0.0,0.3590809106826782
ankara_Modlitwy3.wav,0.5305215120315552,0.0,0.5305215120315552
Glass Bottles rattle and chink.wav,0.6828681826591492,0.0,0.6828681826591492
fireworks1.wav,0.7549681663513184,0.0,0.7549681663513184
at the westcoast.wav,0.6003469824790955,0.0,0.6003469824790955
BR Standard Class 4 2-6-4T Steam Engine Departing - Irwell Vale Halt ~SE1 XY stereo pair.wav,0.6694943308830261,0.0,0.6694943308830261
RKeaton_EMF366_12_Tearing Thick Paper.wav,0.4604273736476898,0.0,0.4604273736476898
ShortCarRain.wav,0.5790422558784485,0.0,0.5790422558784485
Eerie Shimmer.wav,0.4549073278903961,0.0,0.4549073278903961
Marcher_feuilles.wav,0.39632081985473633,0.0,0.39632081985473633
01 barreau bunker original.wav,0.2957470118999481,0.0,0.2957470118999481
Donner2.wav,0.8050085306167603,0.0,0.8050085306167603
MorningOwlsAug29th2015.wav,0.7285815477371216,0.0,0.7285815477371216
Shower Running 01.wav,0.6715275645256042,0.0,0.6715275645256042
moving flipcharts after the meeting.wav,0.3900947570800781,0.0,0.3900947570800781
Lexington Ave Express.wav,0.6094905734062195,0.0,0.6094905734062195
05769 carpenter&#39;s workshop ambience.wav,0.6004177331924438,0.0,0.6004177331924438
06 - 333 con tren hotel saliendo de la estacion de Zamora hacia Galicia.wav,0.601536750793457,0.0,0.601536750793457
07 ambient bell.wav,0.7922983765602112,0.0,0.7922983765602112
Air raid siren_rising.wav,0.7623627781867981,0.0,0.7623627781867981
105bpm.wav,0.4681561589241028,0.0,0.4681561589241028
1122thrum.wav,0.4394969642162323,0.0,0.4394969642162323
Outdoors rumble.wav,0.4904513955116272,0.0,0.4904513955116272
17-Year Cicada Mating Call.wav,0.2541258931159973,0.0,0.2541258931159973
mall_1_escalator_0725_113354.wav,0.3617658317089081,0.0,0.3617658317089081
Dribbling water.wav,0.7557970881462097,0.0,0.7557970881462097
Bush bird noises.wav,0.7392127513885498,0.0,0.7392127513885498
urinating on a wall.wav,0.6331302523612976,0.0,0.6331302523612976
Steam 20.wav,0.2964974045753479,0.0,0.2964974045753479
Shed Floor.wav,0.3657292425632477,0.0,0.3657292425632477
enoesque-Thunder and Rain 1.wav,0.8318650126457214,0.0,0.8318650126457214
microondas.wav,0.37892696261405945,0.0,0.37892696261405945
sparrows.wav,0.8682348132133484,0.0,0.8682348132133484
sawing asphalt.wav,0.39618048071861267,0.0,0.39618048071861267
CarEntireInternal01.wav,0.2781887948513031,0.0,0.2781887948513031
San Francisco Traffic at Powell And O&#39;Farrell.wav,0.3129500150680542,0.0,0.3129500150680542
Nord_Odal_Nyhus_04_juni_2011_quiet_forest_birds_insects_leaf_rustle_02.wav,0.628275990486145,0.0,0.628275990486145
spring morning birds oiseaux reveil printemps #1.wav,0.8272544741630554,0.0,0.8272544741630554
scie.wav,0.7646225690841675,0.0,0.7646225690841675
Atmo Wartehalle2.wav,0.6078048944473267,0.0,0.6078048944473267
Spring Birds Raw (New Jersey).wav,0.7823294997215271,0.0,0.7823294997215271
"Wide Stereo Outdoor Ambience - Birds, distant cars.wav",0.5806015133857727,0.0,0.5806015133857727
20110804_river.distant.19.wav,0.6063810586929321,0.0,0.6063810586929321
WasherSpinCycleWindDown4BeepEndSignal.wav,0.5516452193260193,0.0,0.5516452193260193
20130406_tourists.06.wav,0.17805612087249756,0.0,0.17805612087249756
20160124_Pencil-on-Paper.wav,0.6355330348014832,0.0,0.6355330348014832
larger_waterfall.wav,0.6067880988121033,0.0,0.6067880988121033
Train and dog.wav,0.6203284859657288,0.0,0.6203284859657288
Money in the bag.wav,0.5553234815597534,0.0,0.5553234815597534
More waves at Collingwood.wav,0.5714151263237,0.0,0.5714151263237
opening attic.wav,0.4164230525493622,0.0,0.4164230525493622
QuietForestSpringEvening.wav,0.7974259853363037,0.0,0.7974259853363037
Ahr river.wav,0.6283664703369141,0.0,0.6283664703369141
clinking_tiles_01.wav,0.31015726923942566,0.0,0.31015726923942566
Metro - Greece.wav,0.38264966011047363,0.0,0.38264966011047363
airplane01.wav,0.5912635326385498,0.0,0.5912635326385498
airport general.wav,0.6551207900047302,0.0,0.6551207900047302
AmbientAtmosphere.wav,0.3846510052680969,0.0,0.3846510052680969
Ambulance Siren.wav,0.6219916343688965,0.0,0.6219916343688965
Hail 1.wav,0.25134018063545227,0.0,0.25134018063545227
Ronda - The Old Shrine - La antigua Ermita.wav,0.6445432901382446,0.0,0.6445432901382446
Forest with Birds and Wind in the Trees.wav,0.7445778846740723,0.0,0.7445778846740723
shoreline_waves_seagulls.wav,0.686796247959137,0.0,0.686796247959137
Car vs. Freight Train.wav,0.6771448254585266,0.0,0.6771448254585266
road01.wav,0.5427071452140808,0.0,0.5427071452140808
Forest9.wav,0.5992399454116821,0.0,0.5992399454116821
Baking dish picked up put down.wav,0.4597890079021454,0.0,0.4597890079021454
Glass jar on board.wav,0.6292858123779297,0.0,0.6292858123779297
Pencil Writing.wav,0.4617580473423004,0.0,0.4617580473423004
Diving Bell 1.wav,0.6198820471763611,0.0,0.6198820471763611
barbacoa_electrica1.wav,0.43960627913475037,0.0,0.43960627913475037
carnival_parade_cologne_1.wav,0.43453842401504517,0.0,0.43453842401504517
Bathtub_with_Foam.wav,0.6762943267822266,0.0,0.6762943267822266
FlushToilet.wav,0.7538275718688965,0.0,0.7538275718688965
momoscas 1.wav,0.7090772986412048,0.0,0.7090772986412048
Long Fuzz.wav,0.2950941324234009,0.0,0.2950941324234009
Coins Moving in Jar.wav,0.5364847779273987,0.0,0.5364847779273987
big-machine-fan.wav,0.5328022241592407,0.0,0.5328022241592407
passenger train bells.wav,0.7275091409683228,0.0,0.7275091409683228
birmingham-aston-canal-extractor-fan-background.wav,0.4299941658973694,0.0,0.4299941658973694
outdoors street ambient noisy traffic.wav,0.3950497806072235,0.0,0.3950497806072235
next spring day in the polish forest - rear.wav,0.29460999369621277,0.0,0.29460999369621277
Wooden Floor Body Slams.wav,0.4279336631298065,0.0,0.4279336631298065
elevator sequence ambience door opens closes descends door opens.wav,0.5632306337356567,0.0,0.5632306337356567
EarlyMorningRain.wav,0.8173379302024841,0.0,0.8173379302024841
Broom_Bear_Street_Sweeper_Roadwork.wav,0.5224995017051697,0.0,0.5224995017051697
RoomTone.wav,0.4888014793395996,0.0,0.4888014793395996
traffic w scott.wav,0.5752609372138977,0.0,0.5752609372138977
WaterBottle.wav,0.26648280024528503,0.0,0.26648280024528503
Bubbles water.wav,0.45899897813796997,0.0,0.45899897813796997
Water drops.wav,0.749621570110321,0.0,0.749621570110321
butter_hot_egg_pan.wav,0.25068989396095276,0.0,0.25068989396095276
DoorSqueak.wav,0.6539358496665955,0.0,0.6539358496665955
button_drop.wav,0.2785308361053467,0.0,0.2785308361053467
Footsteps_Leaves_Walking.wav,0.3906997740268707,0.0,0.3906997740268707
SeaShell_02.wav,0.16303439438343048,0.0,0.16303439438343048
Subway-Moscow-013.wav,0.6206307411193848,0.0,0.6206307411193848
Int. Car Drive 2.wav,0.23091255128383636,0.0,0.23091255128383636
Ext-amb_park_late-fall_distant-gun-shot_Distant-Child-shouting.wav,0.4579647481441498,0.0,0.4579647481441498
Heavy rain and thunder in Oklahoma.wav,0.7840854525566101,0.0,0.7840854525566101
thaitrain.wav,0.2884361743927002,0.0,0.2884361743927002
"Cruiseship - outside, night.wav",0.6120354533195496,0.0,0.6120354533195496
stereo ambient indoors living room heavy traffic outside.wav,0.48099222779273987,0.0,0.48099222779273987
RNC - St. Paul - 2008-09-02 (normalized).wav,0.6074523329734802,0.0,0.6074523329734802
Juicer Shredding and Shutting Down.wav,0.36575454473495483,0.0,0.36575454473495483
Saas-Fee Hannig Field 03 100710.wav,0.3780408501625061,0.0,0.3780408501625061
Rain_Falling_On_Umbrella.wav,0.5431742072105408,0.0,0.5431742072105408
sparvagn-edit.wav,0.4935263693332672,0.0,0.4935263693332672
Shower Driping Fast to Slow.wav,0.31658294796943665,0.0,0.31658294796943665
Crunchy walk on pebbles.wav,0.06794890761375427,0.0,0.06794890761375427
Crowd Atmos.wav,0.5821501016616821,0.0,0.5821501016616821
SpringPeepersMarch2012.wav,0.7016492486000061,0.0,0.7016492486000061
Crinklng and opening packet of potato chips.wav,0.5516639947891235,0.0,0.5516639947891235
Crowd at a British wedding reception venue.wav,0.5030781626701355,0.0,0.5030781626701355
Under water sounds while scuba diving.wav,0.273017019033432,0.0,0.273017019033432
Rain recording.wav,0.7002255320549011,0.0,0.7002255320549011
Diesel Truck Idling Front.wav,0.4143840968608856,0.0,0.4143840968608856
luffy_earth5.wav,0.5156757235527039,0.0,0.5156757235527039
dissolvingEffervescentTablet.wav,0.5287200212478638,0.0,0.5287200212478638
Urban Snow Melt.wav,0.6346745491027832,0.0,0.6346745491027832
water dripping 2.wav,0.4329953193664551,0.0,0.4329953193664551
Drawer_handle_clap_OWI.wav,0.48579129576683044,0.0,0.48579129576683044
Footsteps on snow.wav,0.7562631964683533,0.0,0.7562631964683533
paper falling and crunching_1-2.wav,0.23955117166042328,0.0,0.23955117166042328
STE-018_lisbonbirds.wav,0.6893836259841919,0.0,0.6893836259841919
File clicking open.wav,0.39748620986938477,0.0,0.39748620986938477
Metallic  Gate.wav,0.42860713601112366,0.0,0.42860713601112366
foley footsteps - raw.wav,0.48410025238990784,0.0,0.48410025238990784
"traffic medium throaty cars trucks mopeds Havana, Cuba 2008.wav",0.3324225842952728,0.0,0.3324225842952728
light suburban ambiance.wav,0.7645978331565857,0.0,0.7645978331565857
Walking on gravel.wav,0.6786603927612305,0.0,0.6786603927612305
TOILET FLUSH 2.wav,0.5507707595825195,0.0,0.5507707595825195
Int. Car Drive 1.wav,0.5762722492218018,0.0,0.5762722492218018
nxSample002.wav,0.4077111780643463,0.0,0.4077111780643463
"Outdoors, Cars pass by.wav",0.6085454821586609,0.0,0.6085454821586609
medium clap.wav,0.6011602282524109,0.0,0.6011602282524109
Paper Blowing.wav,0.19776551425457,0.0,0.19776551425457
Train stop.wav,0.24362075328826904,0.0,0.24362075328826904
Metal_Gate_squeak_mono.wav,0.4232724606990814,0.0,0.4232724606990814
Jet over Rosemont Horizon Parking Lot.wav,0.5873532295227051,0.0,0.5873532295227051
living room tone  ambient distant noises neighbours.wav,0.41017577052116394,0.0,0.41017577052116394
Riverdream Water HGain.wav,0.5764428973197937,0.0,0.5764428973197937
lama2.wav,0.44069942831993103,0.0,0.44069942831993103
sharpie.wav,0.5963925719261169,0.0,0.5963925719261169
MOTOR_BOTE_OMAN.wav,0.6682367920875549,0.0,0.6682367920875549
night ambient crickets bugs white noise.wav,0.7083529829978943,0.0,0.7083529829978943
releasing_water_into_sink_and_draining.wav,0.5779762268066406,0.0,0.5779762268066406
Rain A. Sample Bank 2. 14-4-2010.wav,0.5214964747428894,0.0,0.5214964747428894
"Rain on awning, canopy.wav",0.8835310339927673,0.0,0.8835310339927673
rhythm of the falling drops.wav,0.32391157746315,0.0,0.32391157746315
07 storm - orage.wav,0.4176188111305237,0.0,0.4176188111305237
Remix of 101980__pyr0x__growl_variants.wav,0.30715057253837585,0.0,0.30715057253837585
Pasir Panjang Calm Ocean.wav,0.6150824427604675,0.0,0.6150824427604675
20070824.supper.wav,0.4270806908607483,0.0,0.4270806908607483
20080505_1309unlock_doors.wav,0.6031988263130188,0.0,0.6031988263130188
Blackbird tweet with waterfall background.wav,0.6634578108787537,0.0,0.6634578108787537
Tenerife_bazaar_2.wav,0.5948392152786255,0.0,0.5948392152786255
Chopping Celery.wav,0.5478838086128235,0.0,0.5478838086128235
creaking train.wav,0.5925542712211609,0.0,0.5925542712211609
Cruiseship - passenger library.wav,0.5996761322021484,0.0,0.5996761322021484
Elevator sounds.wav,0.4911724030971527,0.0,0.4911724030971527
Rain on Window.wav,0.458833783864975,0.0,0.458833783864975
08-Garage Opening-consolidated.wav,0.5180110335350037,0.0,0.5180110335350037
bands_and_motorbike.wav,0.49695226550102234,0.0,0.49695226550102234
forest_ambiance_chepachet_spring_night_2.wav,0.755253255367279,0.0,0.755253255367279
stream + ocean.wav,0.6540120244026184,0.0,0.6540120244026184
Harvard Square.wav,0.6122004389762878,0.0,0.6122004389762878
Grinder.wav,0.5419327616691589,0.0,0.5419327616691589
Night drive.wav,0.32258209586143494,0.0,0.32258209586143494
small_water_fall_in_the_woods_2.wav,0.6331098675727844,0.0,0.6331098675727844
Terminal2.wav,0.22517512738704681,0.0,0.22517512738704681
trumpet.wav,0.7036531567573547,0.0,0.7036531567573547
2 08 Br Lib 2 amb kids.wav,0.35528045892715454,0.0,0.35528045892715454
construction_rubber_mallet_01.wav,0.4957277476787567,0.0,0.4957277476787567
birds_long.wav,0.7243332266807556,0.0,0.7243332266807556
20070318.forest.00.wav,0.689171314239502,0.0,0.689171314239502
"traffic medium throaty downtown and people from balcony Havana, Cuba 2008.wav",0.43443843722343445,0.0,0.43443843722343445
20080226.serins.rbd.02.wav,0.6931091547012329,0.0,0.6931091547012329
OrchestraTuning1.wav,0.2778254449367523,0.0,0.2778254449367523
Barn_Door_Wind_001.wav,0.2627362906932831,0.0,0.2627362906932831
Train passing by in a rail station in Brussels (Schaerbeek).wav,0.48745831847190857,0.0,0.48745831847190857
Popcorn Popping.wav,0.26872774958610535,0.0,0.26872774958610535
Chrysalism.wav,0.665740430355072,0.0,0.665740430355072
schoolyard.wav,0.8009757399559021,0.0,0.8009757399559021
a flag is waving at the pole.wav,0.4850752353668213,0.0,0.4850752353668213
Surf and birds.wav,0.3739550709724426,0.0,0.3739550709724426
"a gentle breeze, wind 6.wav",0.7614774107933044,0.0,0.7614774107933044
Nature sounds close to garden.wav,0.5324994921684265,0.0,0.5324994921684265
Ambience birds.wav,0.8161260485649109,0.0,0.8161260485649109
Mass MoCA Bathroom Door.wav,0.46595802903175354,0.0,0.46595802903175354
amradiochanging.wav,0.621516227722168,0.0,0.621516227722168
Flipping Coin Can.wav,0.09646881371736526,0.0,0.09646881371736526
Burco Conveyer Toaster running.wav,0.5899596810340881,0.0,0.5899596810340881
Cooking rice.wav,0.213383749127388,0.0,0.213383749127388
noise interference.wav,0.5628509521484375,0.0,0.5628509521484375
Drilling into stone.wav,0.4931879937648773,0.0,0.4931879937648773
peopleTalks1.wav,0.655447781085968,0.0,0.655447781085968
Deshaciendo y alisando la bola de papel de aluminio.wav,0.23934321105480194,0.0,0.23934321105480194
gym machine 2.wav,0.6198037266731262,0.0,0.6198037266731262
Evening Atmosphere #2.wav,0.872503399848938,0.0,0.872503399848938
People talking while waiting the bus.wav,0.42171403765678406,0.0,0.42171403765678406
Rynek Warszaski.wav,0.7232521176338196,0.0,0.7232521176338196
snowSteps.wav,0.6913812756538391,0.0,0.6913812756538391
Tiergarten birds early morning.wav,0.8149706721305847,0.0,0.8149706721305847
Marrakech Walking.wav,0.40198490023612976,0.0,0.40198490023612976
viento.wav,0.3359716534614563,0.0,0.3359716534614563
BUS RIDE R.wav,0.6258792281150818,0.0,0.6258792281150818
Edit Radio .wav,0.6631984114646912,0.0,0.6631984114646912
Urban Covered Pathway.wav,0.3325558602809906,0.0,0.3325558602809906
Fountain .wav,0.38987264037132263,0.0,0.38987264037132263
Glass_rubbing_cups.wav,0.3515901267528534,0.0,0.3515901267528534
Leaf Blower.wav,0.22658352553844452,0.0,0.22658352553844452
Clock.Windup.Bell.Antique.wav,0.48297619819641113,0.0,0.48297619819641113
my kitchen sink talks to me.wav,0.600123405456543,0.0,0.600123405456543
crows_outdoors_northern87.wav,0.6743706464767456,0.0,0.6743706464767456
DAB RADIO FREAK OUT.wav,0.6002947688102722,0.0,0.6002947688102722
downpipe rain thunder.wav,0.7325080037117004,0.0,0.7325080037117004
Metal spoon on china plate.wav,0.5368510484695435,0.0,0.5368510484695435
Living Minute - Winter Thaw.wav,0.6119065880775452,0.0,0.6119065880775452
shower taking.wav,0.5702425837516785,0.0,0.5702425837516785
Stadium Wind.wav,0.5044474601745605,0.0,0.5044474601745605
Walking in Kitchen.wav,0.37516042590141296,0.0,0.37516042590141296
Fuente Cotino 2.wav,0.6079769134521484,0.0,0.6079769134521484
Glass bottles in and out of a basket.wav,0.3998025357723236,0.0,0.3998025357723236
Plastic Chips Wrapper.wav,0.4073173701763153,0.0,0.4073173701763153
Kitchen fan.wav,0.6108657717704773,0.0,0.6108657717704773
RemoteControl.Antique.Zenith.wav,0.2507772743701935,0.0,0.2507772743701935
Staircase walk 1.wav,0.7406167984008789,0.0,0.7406167984008789
Turning on Shower 2_1-2.wav,0.745482861995697,0.0,0.745482861995697
pencil sketch 2.wav,0.7405481338500977,0.0,0.7405481338500977
static obscured voices 570 kHz.wav,0.530350387096405,0.0,0.530350387096405
Wood-burning stove.wav,0.3651011884212494,0.0,0.3651011884212494
Street Ambient (Spain) .wav,0.5702234506607056,0.0,0.5702234506607056
French fries in the making.wav,0.38522574305534363,0.0,0.38522574305534363
WALK_outAndBack_snowDay_01.wav,0.40354785323143005,0.0,0.40354785323143005
Large Hiroshima Peace Bell.wav,0.45228633284568787,0.0,0.45228633284568787
"waiting for passengers at the airport, background.wav",0.42313528060913086,0.0,0.42313528060913086
Flint being struck.wav,0.5276235938072205,0.0,0.5276235938072205
kijjaz - Bangkok Rain and Thunder 01.wav,0.7356842756271362,0.0,0.7356842756271362
WS_20122 [8.3.09] nr drips mono uprocessed.wav,0.16890192031860352,0.0,0.16890192031860352
freight_train_1.wav,0.5367251634597778,0.0,0.5367251634597778
Fireplace.wav,0.773594081401825,0.0,0.773594081401825
buzzing stinging.wav,0.51114422082901,0.0,0.51114422082901
Water at Parika Stelling Guyana.wav,0.3605104684829712,0.0,0.3605104684829712
Household - Atmos - Wind Through Window.wav,0.4535156190395355,0.0,0.4535156190395355
20121014_boat_tour_01.wav,0.17043858766555786,0.0,0.17043858766555786
thespider.wav,0.450771301984787,0.0,0.450771301984787
Building Construction in Amsterdam Oost.wav,0.37860092520713806,0.0,0.37860092520713806
lackey070329_11_52_am_jackhammer.wav,0.4089575707912445,0.0,0.4089575707912445
small_waterfall.wav,0.46482354402542114,0.0,0.46482354402542114
street_ambience_day.wav,0.6204773187637329,0.0,0.6204773187637329
bologna_street1.wav,0.42203599214553833,0.0,0.42203599214553833
amolador_pan_pipe.wav,0.5263192057609558,0.0,0.5263192057609558
LoneCricketInFallBasement.wav,0.8453697562217712,0.0,0.8453697562217712
Sea sound-3.wav,0.3471134603023529,0.0,0.3471134603023529
SilverStarSearchAndRescue.wav,0.35331273078918457,0.0,0.35331273078918457
Avion.wav,0.5696038603782654,0.0,0.5696038603782654
"sea on the road, night, Rhodes.wav",0.6836333870887756,0.0,0.6836333870887756
indoors ambient room tone with clock ticking somewhere and occasional traffic and people jabbering.wav,0.18452641367912292,0.0,0.18452641367912292
laundry.machine.wav,0.3659270405769348,0.0,0.3659270405769348
PassingMotorCycles01.wav,0.5496857166290283,0.0,0.5496857166290283
Gazpoile_long.wav,0.28703564405441284,0.0,0.28703564405441284
freight_on_bridge.wav,0.7420635223388672,0.0,0.7420635223388672
can.wav,0.4075758457183838,0.0,0.4075758457183838
Waterfalls_00216.wav,0.36123308539390564,0.0,0.36123308539390564
girl playing violin at subway passage 0601_215735_1 XYmics.wav,0.5807768106460571,0.0,0.5807768106460571
squeaky_glass.wav,0.5709691047668457,0.0,0.5709691047668457
interrupt.wav,0.4348706305027008,0.0,0.4348706305027008
water_stream2.wav,0.5346749424934387,0.0,0.5346749424934387
Cracking and frying egg.wav,0.33565470576286316,0.0,0.33565470576286316
RadioFan.wav,0.5814429521560669,0.0,0.5814429521560669
Duck_quack_2_Sweden.wav,0.8281534314155579,0.0,0.8281534314155579
E-brake.wav,0.308885782957077,0.0,0.308885782957077
Grand Prix 2.wav,0.37301120162010193,0.0,0.37301120162010193
je_campuswalk.wav,0.4280415177345276,0.0,0.4280415177345276
tap water.wav,0.725864827632904,0.0,0.725864827632904
moucho-I.wav,0.4814754128456116,0.0,0.4814754128456116
Hunebed D27 Borger.wav,0.5270482897758484,0.0,0.5270482897758484
20070720.rbd.chicharras.02.wav,0.241416335105896,0.0,0.241416335105896
Opening and Closing Bolt Door.wav,0.7365440130233765,0.0,0.7365440130233765
Serving Water Quickly.wav,0.6203222274780273,0.0,0.6203222274780273
plasglass.wav,0.5323710441589355,0.0,0.5323710441589355
STE-039 trevi fountain at night.wav,0.5111305117607117,0.0,0.5111305117607117
Traffic.wav,0.5778684020042419,0.0,0.5778684020042419
train screech.wav,0.36610421538352966,0.0,0.36610421538352966
greece_melanes_cofee_1.wav,0.2652084529399872,0.0,0.2652084529399872
Blowing on Microphone.wav,0.39884307980537415,0.0,0.39884307980537415
20 bottles nt 2_10.wav,0.4290194511413574,0.0,0.4290194511413574
HammerDrill.wav,0.29574790596961975,0.0,0.29574790596961975
weird rapidbeat.wav,0.22204270958900452,0.0,0.22204270958900452
Ford Mustang Engine (1985).wav,0.5112188458442688,0.0,0.5112188458442688
15_Rain_Ocean_HeavierLighter_44_16.wav,0.7137207388877869,0.0,0.7137207388877869
Outside02.wav,0.5618936419487,0.0,0.5618936419487
20070819.fjord.beach.00.wav,0.7612355947494507,0.0,0.7612355947494507
crickets cicadas frogs.wav,0.5674737691879272,0.0,0.5674737691879272
Garbage Truck.wav,0.4924602508544922,0.0,0.4924602508544922
rios_barney_alta_fidelidad_avenida_ciudad_intermedia.wav,0.5213597416877747,0.0,0.5213597416877747
City Bus.wav,0.3706338703632355,0.0,0.3706338703632355
New Inn.wav,0.6556655764579773,0.0,0.6556655764579773
Acid_lake-Dallol.wav,0.4403473436832428,0.0,0.4403473436832428
Small watetfall.wav,0.5608994364738464,0.0,0.5608994364738464
CoffeeShopChatter.wav,0.5063068270683289,0.0,0.5063068270683289
Microwave Door Open Close .wav,0.4596579968929291,0.0,0.4596579968929291
little creek in the woods.wav,0.6702354550361633,0.0,0.6702354550361633
Blind Man Whistling.wav,0.44569894671440125,0.0,0.44569894671440125
bus pass.wav,0.2465692013502121,0.0,0.2465692013502121
Wood Floor.wav,0.4415763020515442,0.0,0.4415763020515442
Crickets in the night.wav,0.5589511394500732,0.0,0.5589511394500732
Seashore Atmos LW2.wav,0.3142126500606537,0.0,0.3142126500606537
Door handle squeaks.wav,0.3055458068847656,0.0,0.3055458068847656
FISCHER_ZOE-2016_2017_forest-walk.wav,0.40372928977012634,0.0,0.40372928977012634
herumwerkeln im Hintergrund_Holzschleifen.wav,0.27707359194755554,0.0,0.27707359194755554
sea_water_passing_through_pier_hole_01.wav,0.5694065690040588,0.0,0.5694065690040588
traffic and footsteps.wav,0.4863438606262207,0.0,0.4863438606262207
Fountain_1.wav,0.6815396547317505,0.0,0.6815396547317505
Foley pick up gun on wood 01.wav,0.289778470993042,0.0,0.289778470993042
metalic birds.wav,0.723986804485321,0.0,0.723986804485321
tin cans wind 1 - 16.1.11.wav,0.5018929839134216,0.0,0.5018929839134216
drain-water.wav,0.6319987177848816,0.0,0.6319987177848816
Shower and walk - front.wav,0.6043992042541504,0.0,0.6043992042541504
201106092013VauxsSwiftsSteigerwaldLakeNWR.wav,0.777550995349884,0.0,0.777550995349884
Hunebed D26 Drouwenerveld.wav,0.032902128994464874,0.0,0.032902128994464874
Rain Loop with Low-Cut Filter.wav,0.8429228663444519,0.0,0.8429228663444519
kids.wav,0.5151214003562927,0.0,0.5151214003562927
TrainDistantWhistleWithEchoDecember2015.wav,0.8124849200248718,0.0,0.8124849200248718
Room Tone Inside a Car.wav,0.3984358012676239,0.0,0.3984358012676239
Storm coming.wav,0.6970993280410767,0.0,0.6970993280410767
outdoors ambient windy wind leaves rustle hum.wav,0.2585746943950653,0.0,0.2585746943950653
bunker drip resonance 1.wav,0.331201434135437,0.0,0.331201434135437
WATER DRIPPING ECHO.wav,0.5293458104133606,0.0,0.5293458104133606
Walking On Dry Leaves Normalised.wav,0.7864710688591003,0.0,0.7864710688591003
heavy traffic with ambulance siren.wav,0.7399820685386658,0.0,0.7399820685386658
rain.gutter.wav,0.48341765999794006,0.0,0.48341765999794006
alpine bird under the rain.wav,0.673149585723877,0.0,0.673149585723877
HOSTEL WORKS 1.wav,0.4627586305141449,0.0,0.4627586305141449
Siren Milan.wav,0.682229220867157,0.0,0.682229220867157
BirdCallBackyard2016Long.wav,0.8179017901420593,0.0,0.8179017901420593
birds in dunes sunset NL 150510_06.wav,0.8353288769721985,0.0,0.8353288769721985
Light Wind.wav,0.4201597273349762,0.0,0.4201597273349762
Bath 01.wav,0.627604603767395,0.0,0.627604603767395
Heel walking 1A.wav,0.3923402726650238,0.0,0.3923402726650238
bird-chatter4.wav,0.6325230002403259,0.0,0.6325230002403259
Metra Train.wav,0.67393559217453,0.0,0.67393559217453
Traffic Ambient.wav,0.4836343824863434,0.0,0.4836343824863434
Sink and Water.wav,0.6559503674507141,0.0,0.6559503674507141
Train Horn.wav,0.8455076217651367,0.0,0.8455076217651367
creaky boxcars.wav,0.3217531442642212,0.0,0.3217531442642212
ELEVATOR CABIN (DOORS OPEN CLOSE).wav,0.5693149566650391,0.0,0.5693149566650391
Triumph start and idle.wav,0.6941694021224976,0.0,0.6941694021224976
Street sounds cars.wav,0.49540239572525024,0.0,0.49540239572525024
GlassPyrexMeasuringCupMugSlideTableDesk.wav,0.4205280840396881,0.0,0.4205280840396881
Mockingbird singing @ Alfama.wav,0.6844894289970398,0.0,0.6844894289970398
Large Splashes.wav,0.4835070073604584,0.0,0.4835070073604584
0208 Fountain_Parque_del_Peru.wav,0.5809618830680847,0.0,0.5809618830680847
rain.wav,0.8537134528160095,0.0,0.8537134528160095
The Big Circle.wav,0.25813016295433044,0.0,0.25813016295433044
crickets in the woods.wav,0.7269448637962341,0.0,0.7269448637962341
glenhaven_stream.wav,0.37848231196403503,0.0,0.37848231196403503
Wipers .wav,0.1832309067249298,0.0,0.1832309067249298
dogs_berlin.wav,0.7287659645080566,0.0,0.7287659645080566
April_2004_garden_birds01.wav,0.7727022767066956,0.0,0.7727022767066956
bar crowd.wav,0.5980458855628967,0.0,0.5980458855628967
20090412.bell.strikes.12.wav,0.6723186373710632,0.0,0.6723186373710632
ClinkingGlass.wav,0.5196179747581482,0.0,0.5196179747581482
Gentle Waves Peeling Left To Right 2.wav,0.6677554249763489,0.0,0.6677554249763489
silent street ambience tone.wav,0.4824650287628174,0.0,0.4824650287628174
creaky.wav,0.33843907713890076,0.0,0.33843907713890076
CarFerrySeaDogsPeople.wav,0.7173179984092712,0.0,0.7173179984092712
Ubud Crickets.wav,0.7118744850158691,0.0,0.7118744850158691
bellaromani.wav,0.571113109588623,0.0,0.571113109588623
CourtyardHome.wav,0.15889357030391693,0.0,0.15889357030391693
cup.wav,0.3297280967235565,0.0,0.3297280967235565
SuburbRain_Indoor.wav,0.6352372169494629,0.0,0.6352372169494629
hostpital-automatic-bed.wav,0.40487298369407654,0.0,0.40487298369407654
Pouring Into Glass.wav,0.651674747467041,0.0,0.651674747467041
SYnth_NoisesAX8.wav,0.2429255098104477,0.0,0.2429255098104477
sw_PoultryBarn_cs8049.wav,0.39031362533569336,0.0,0.39031362533569336
dripping taps.wav,0.23101039230823517,0.0,0.23101039230823517
night ambient crickets bugs white noise occasional cough.wav,0.7401747703552246,0.0,0.7401747703552246
Regent&#39;s conversation.wav,0.3419160842895508,0.0,0.3419160842895508
Garden ambience.wav,0.7166944146156311,0.0,0.7166944146156311
Morning Ride 2.wav,0.48198720812797546,0.0,0.48198720812797546
27 hn_birdspecking.wav,0.2972680926322937,0.0,0.2972680926322937
belgian_brook.wav,0.6096294522285461,0.0,0.6096294522285461
je_PittsPhipps.wav,0.5644607543945312,0.0,0.5644607543945312
Footsteps on Rocky Terrain.wav,0.5848903059959412,0.0,0.5848903059959412
Hang Man&#39;s Rope.wav,0.032724540680646896,0.0,0.032724540680646896
fireworks scare birds 150828_0743.wav,0.38381242752075195,0.0,0.38381242752075195
"Residential kitchen roomtone, refrigerator fridge hum.wav",0.3417230248451233,0.0,0.3417230248451233
Faucet Running.wav,0.22075222432613373,0.0,0.22075222432613373
THE_RATT21_1.wav,0.6385759711265564,0.0,0.6385759711265564
FlyingOnAPlane.wav,0.4406448304653168,0.0,0.4406448304653168
tornado day 1.wav,0.5604538321495056,0.0,0.5604538321495056
Sonido de fondo y trafico.wav,0.4775412678718567,0.0,0.4775412678718567
birds chirping 03 short.wav,0.7249671220779419,0.0,0.7249671220779419
kite_seaside.wav,0.4961162507534027,0.0,0.4961162507534027
watertunnel.wav,0.5699179768562317,0.0,0.5699179768562317
STE-002-dishes_lisbon_restaurant.wav,0.5170742869377136,0.0,0.5170742869377136
13gotasb.wav,0.14383052289485931,0.0,0.14383052289485931
Page turns and book close_open.wav,0.7093320488929749,0.0,0.7093320488929749
mall  loud voices.wav,0.3376043438911438,0.0,0.3376043438911438
"Koeien, R4 en riet Lichterveldestraat.wav",0.6186671257019043,0.0,0.6186671257019043
Glass Dishes.wav,0.4006953835487366,0.0,0.4006953835487366
080902_05_cicada_night_road.wav,0.7937617897987366,0.0,0.7937617897987366
110422_village_dusk.wav,0.8059380650520325,0.0,0.8059380650520325
at the edge of the forest.wav,0.45574161410331726,0.0,0.45574161410331726
crossing the river.wav,0.4941134452819824,0.0,0.4941134452819824
Bounce-MagnetAndNail.wav,0.20509491860866547,0.0,0.20509491860866547
spooky compressor.wav,0.4580326974391937,0.0,0.4580326974391937
Hiss of a Tilley pressurised paraffin (kerosene) lamp.wav,0.23545260727405548,0.0,0.23545260727405548
bolivar_stan_playing.wav,0.4049253463745117,0.0,0.4049253463745117
Nord_Odal_Nyhus_04_juni_2011_quiet_forest_birds_insects_leaf_rustle_04.wav,0.7327713966369629,0.0,0.7327713966369629
Backyard Birds-001.wav,0.7389440536499023,0.0,0.7389440536499023
R05_0345.wav,0.7803795337677002,0.0,0.7803795337677002
Metal_clang.wav,0.6288340091705322,0.0,0.6288340091705322
Large Warehouse_Factory Ambience.wav,0.13553749024868011,0.0,0.13553749024868011
Waves on the bay.wav,0.5180879831314087,0.0,0.5180879831314087
Rushing_water+wind-Rec_Samsung_HMX-F80_Camcorder.wav,0.6951553821563721,0.0,0.6951553821563721
Construction 2.wav,0.4008704721927643,0.0,0.4008704721927643
street works_pressure_low rumble.wav,0.6174918413162231,0.0,0.6174918413162231
2013-03-28 rain in the rainforest.wav,0.6991149187088013,0.0,0.6991149187088013
Bukit_Dinding_rainforest_jungle_01.wav,0.5462867617607117,0.0,0.5462867617607117
Plane Over Traffic.wav,0.781269371509552,0.0,0.781269371509552
Ambience in Sugadh (ESI institute) in Gujrat.wav,0.590356171131134,0.0,0.590356171131134
RG Railing Ring.wav,0.40525808930397034,0.0,0.40525808930397034
Otari Walk.wav,0.42100152373313904,0.0,0.42100152373313904
AMBIENCE- night time crickets insects wild sound (SFX).wav,0.7857734560966492,0.0,0.7857734560966492
Texas Coastal Freeway.wav,0.6123501658439636,0.0,0.6123501658439636
Backyard nature.wav,0.5740222334861755,0.0,0.5740222334861755
20091212.motorcycle.wav,0.3494970500469208,0.0,0.3494970500469208
Shaking and dragging of jar with stones.wav,0.07909399271011353,0.0,0.07909399271011353
Budds Landing Maryland Night 1.wav,0.6408433318138123,0.0,0.6408433318138123
basement-stairs.wav,0.5825265049934387,0.0,0.5825265049934387
Lluvia 1.wav,0.7536783218383789,0.0,0.7536783218383789
drip rhythm1.wav,0.7607837915420532,0.0,0.7607837915420532
trains.wav,0.32344770431518555,0.0,0.32344770431518555
Storm Ambience.wav,0.6482741832733154,0.0,0.6482741832733154
Japan_Tokyo_Shinjuku_Street_Promoter_Yelling_City.wav,0.3481394946575165,0.0,0.3481394946575165
wood1.wav,0.2805958688259125,0.0,0.2805958688259125
metal-bell-percussion.wav,0.5075234174728394,0.0,0.5075234174728394
Shinkansen-announcement-3.wav,0.4735308587551117,0.0,0.4735308587551117
Train Pass Koln.wav,0.30123811960220337,0.0,0.30123811960220337
Outdoor nature sounds.wav,0.7092716097831726,0.0,0.7092716097831726
walking-gravel.wav,0.5328928828239441,0.0,0.5328928828239441
grifo goteando.wav,0.48458749055862427,0.0,0.48458749055862427
in_cafe_4.wav,0.6206204295158386,0.0,0.6206204295158386
wooden sliding door.wav,0.6920483708381653,0.0,0.6920483708381653
Door Creaking 01.wav,0.8424703478813171,0.0,0.8424703478813171
SonicSnap_GPSUK_Cockerel.wav,0.5271768569946289,0.0,0.5271768569946289
River far 1.wav,0.7384540438652039,0.0,0.7384540438652039
CONTACT MIC BOILING WATER 01.wav,0.27739349007606506,0.0,0.27739349007606506
Birds-sleeves-amb.wav,0.7607763409614563,0.0,0.7607763409614563
life of pipe.wav,0.5413076281547546,0.0,0.5413076281547546
Cars crossing in Rain.wav,0.8013342022895813,0.0,0.8013342022895813
julies media.wav,0.3483275771141052,0.0,0.3483275771141052
Walking along Highway.wav,0.7617406845092773,0.0,0.7617406845092773
NY subway.wav,0.5682425498962402,0.0,0.5682425498962402
KC0895T2.wav,0.6444936394691467,0.0,0.6444936394691467
Diesel train passing.wav,0.3170301914215088,0.0,0.3170301914215088
Close Cracking Thunder.wav,0.6589232683181763,0.0,0.6589232683181763
Hallway Room Tone with shower in background.wav,0.508629322052002,0.0,0.508629322052002
Fergus Whining.wav,0.6703996658325195,0.0,0.6703996658325195
Wind moaning through gap in door.wav,0.5669270753860474,0.0,0.5669270753860474
Spanish pinball machine in bar.wav,0.35278505086898804,0.0,0.35278505086898804
boy becomes seagull 20.3.11.wav,0.34918472170829773,0.0,0.34918472170829773
Gentle rain outside balcony street noise.wav,0.33401885628700256,0.0,0.33401885628700256
"Collingwood bees, bumble bees.wav",0.921660840511322,0.0,0.921660840511322
AMB_earlymorning_palmovka.wav,0.49100255966186523,0.0,0.49100255966186523
20110423_heavy.rain.wav,0.4517726004123688,0.0,0.4517726004123688
woodsbirds.wav,0.6457719206809998,0.0,0.6457719206809998
Ambience Urban park fountain early evening.wav,0.2947664260864258,0.0,0.2947664260864258
160717 HSN fishing boat passing by.wav,0.40589436888694763,0.0,0.40589436888694763
MicrowaveHum_Stereo_bip.wav,0.46519073843955994,0.0,0.46519073843955994
Steam Train Coming Into the Station.wav,0.6983095407485962,0.0,0.6983095407485962
country highway ambience1.wav,0.6512746214866638,0.0,0.6512746214866638
arriving_montpellier_by_train.wav,0.46515485644340515,0.0,0.46515485644340515
20070128.turbine.wav,0.5620697736740112,0.0,0.5620697736740112
bird.wav,0.44896554946899414,0.0,0.44896554946899414
turning pages book slow quickly.wav,0.09962723404169083,0.0,0.09962723404169083
Boiling a cup of water.wav,0.3415738344192505,0.0,0.3415738344192505
"Creaky wooden steps, down and up.wav",0.5116288661956787,0.0,0.5116288661956787
Strong wind in trees.wav,0.6230644583702087,0.0,0.6230644583702087
SpringWoodsWarblersPlusDistantGeeseMay52013.wav,0.758089005947113,0.0,0.758089005947113
Japanese Train Haruka Express.wav,0.6822240948677063,0.0,0.6822240948677063
Downtown Montreal.wav,0.47874680161476135,0.0,0.47874680161476135
Squeeky.wav,0.8318361639976501,0.0,0.8318361639976501
20061121.pine.forest.wav,0.7334255576133728,0.0,0.7334255576133728
Night Frogs.wav,0.2633194029331207,0.0,0.2633194029331207
Movements in the Water.wav,0.454590767621994,0.0,0.454590767621994
London Overground train (interior) approaches Victoria Station.wav,0.43921977281570435,0.0,0.43921977281570435
footsteps 3.wav,0.4304574131965637,0.0,0.4304574131965637
AlleyWater.wav,0.6046121716499329,0.0,0.6046121716499329
Dogs barking from barn in distance in the morning.wav,0.8308224081993103,0.0,0.8308224081993103
Sliding doors.wav,0.5445461869239807,0.0,0.5445461869239807
SamyeLing_Drain121102.wav,0.6767921447753906,0.0,0.6767921447753906
crowdfree.wav,0.5388728976249695,0.0,0.5388728976249695
BathFill.wav,0.5485617518424988,0.0,0.5485617518424988
Rain_thunder-20120406-154324.wav,0.8068113327026367,0.0,0.8068113327026367
Plaza_de_la_Revolucion_risa.wav,0.5822927355766296,1.0,0.05822927355766295
Water dripping.wav,0.3786318302154541,0.0,0.3786318302154541
"Queen Street Mill, loom running then stops.wav",0.5361389517784119,0.0,0.5361389517784119
bird_in_rain.wav,0.7749024033546448,0.0,0.7749024033546448
R09_0005 bird ambience.wav,0.829602062702179,0.0,0.829602062702179
Sea Atmosphere.wav,0.6134917140007019,0.0,0.6134917140007019
Spotted Owl2.wav,0.7200354933738708,0.0,0.7200354933738708
20140223 - Bangkok city sounds.wav,0.36515453457832336,0.0,0.36515453457832336
tornado day 4.wav,0.8135290145874023,0.0,0.8135290145874023
Shanghai Traffic Near Peoples Square.wav,0.665195643901825,0.0,0.665195643901825
night in the countryside.wav,0.44738778471946716,0.0,0.44738778471946716
bandung-taxiradio-1.wav,0.5946386456489563,0.0,0.5946386456489563
Outside01.wav,0.2900919020175934,0.0,0.2900919020175934
door-squeak-rattle.wav,0.6964614987373352,0.0,0.6964614987373352
Hanoi streets.wav,0.6482557654380798,0.0,0.6482557654380798
Appartment_Ambient_AC_TV_Fans.wav,0.6200405955314636,0.0,0.6200405955314636
STE-027-edit.wav,0.6691963076591492,0.0,0.6691963076591492
130915 - Exterior-Hard Rain - Door - Thunder - Metal Lawn Furniture.wav,0.5722159743309021,0.0,0.5722159743309021
down stars running 3.wav,0.351901113986969,0.0,0.351901113986969
20160820_saluzzo.arcade.04.wav,0.5795570611953735,0.0,0.5795570611953735
Wind and Rain.wav,0.671658456325531,0.0,0.671658456325531
Footsteps Gravel Trainers Running 96Hz 24 Bit.wav,0.3855748474597931,0.0,0.3855748474597931
20100422.waterfall.birds.wav,0.8257460594177246,0.0,0.8257460594177246
Sepang Beach 04.wav,0.7688916921615601,0.0,0.7688916921615601
Machetes hit 2.wav,0.6666926741600037,0.0,0.6666926741600037
"09-07-14_2338_Foz, fisherman next to the river.wav",0.45573583245277405,0.0,0.45573583245277405
latenighttraffic.wav,0.561701238155365,0.0,0.561701238155365
Garage Ambient 32 Bits 48 Khz.wav,0.4113219380378723,0.0,0.4113219380378723
Flowing traffic in the outer ring of Milan 2.wav,0.6930939555168152,0.0,0.6930939555168152
Slow Windchimes.wav,0.8013469576835632,0.0,0.8013469576835632
"Wind Chimes On Town Square, Germany.wav",0.7208141088485718,0.0,0.7208141088485718
saturday_ambiance.wav,0.7715865969657898,0.0,0.7715865969657898
Roadside.wav,0.2561672329902649,0.0,0.2561672329902649
"VCR,rewind,opendoor.wav",0.4475478231906891,0.0,0.4475478231906891
Walking on pebble beach.wav,0.5816131830215454,0.0,0.5816131830215454
Fountain Trompenburg 090928.wav,0.3852602243423462,0.0,0.3852602243423462
Birds of Klein Profijt.wav,0.7841601967811584,0.0,0.7841601967811584
door.of.bar.raining2.wav,0.28641706705093384,0.0,0.28641706705093384
City forest.wav,0.7821384072303772,0.0,0.7821384072303772
stairwell door slam.wav,0.6381778717041016,0.0,0.6381778717041016
20060426.marsh.crikets.day.stereo.02.wav,0.7719908952713013,0.0,0.7719908952713013
A creek in a forest.wav,0.7833623290061951,0.0,0.7833623290061951
WS Opening-ClosingDoor(BSROF).wav,0.8189186453819275,0.0,0.8189186453819275
murmur_on_ferry_3.wav,0.7037329077720642,0.0,0.7037329077720642
20101205.02.night.dog.n.car.wav,0.7671027183532715,0.0,0.7671027183532715
20070325.windy.forest.stereo.02.wav,0.7264062762260437,0.0,0.7264062762260437
bird-twitter-car.wav,0.8618661761283875,0.0,0.8618661761283875
080809_05_FontanaKoblerov.wav,0.7271806597709656,0.0,0.7271806597709656
ResidentialFallNight_crickets.wav,0.8790431022644043,0.0,0.8790431022644043
growling thunder.wav,0.450212687253952,0.0,0.450212687253952
Traffic and pedestrians.wav,0.5182000398635864,0.0,0.5182000398635864
FR.BirdChatAmbience.26.wav,0.7988870143890381,0.0,0.7988870143890381
